activity_date,movie_id,views,watch_minutes,completion_rate
2025-01-01,1,936,48672,0.74
2025-01-01,2,675,48600,0.73
2025-01-01,3,689,57187,0.64
2025-01-01,4,249,17679,0.51
2025-01-01,5,449,31879,0.73
2025-01-01,6,483,38157,0.59
2025-01-01,7,119,5236,0.7
2025-01-01,8,402,23316,0.68
2025-01-02,1,858,75504,0.78
2025-01-02,2,820,57400,0.68
2025-01-02,3,658,28952,0.62
2025-01-02,4,127,7493,0.57
2025-01-02,5,338,25688,0.62
2025-01-02,6,317,12363,0.77
2025-01-02,7,132,8712,0.41
2025-01-02,8,349,21638,0.69
2025-01-03,1,847,67760,0.74
2025-01-03,2,605,33880,0.78
2025-01-03,3,695,29885,0.57
2025-01-03,4,251,22088,0.59
2025-01-03,5,337,19546,0.59
2025-01-03,6,398,22686,0.72
2025-01-03,7,100,4400,0.56
2025-01-03,8,452,29832,0.73
2025-01-04,1,865,38060,0.66
2025-01-04,2,769,33067,0.7
2025-01-04,3,552,34224,0.61
2025-01-04,4,337,29319,0.52
2025-01-04,5,559,29627,0.78
2025-01-04,6,378,23436,0.67
2025-01-04,7,248,13640,0.57
2025-01-04,8,392,25480,0.69
2025-01-05,1,939,82632,0.76
2025-01-05,2,750,39750,0.72
2025-01-05,3,644,49588,0.6
2025-01-05,4,271,15447,0.55
2025-01-05,5,495,38115,0.69
2025-01-05,6,311,20526,0.8
2025-01-05,7,150,11850,0.64
2025-01-05,8,460,26680,0.68
2025-01-06,1,857,58276,0.62
2025-01-06,2,623,36134,0.88
2025-01-06,3,630,43470,0.81
2025-01-06,4,388,22504,0.48
2025-01-06,5,321,20223,0.79
2025-01-06,6,304,15200,0.83
2025-01-06,7,141,11421,0.45
2025-01-06,8,421,35364,0.67
2025-01-07,1,835,55110,0.72
2025-01-07,2,741,31122,0.55
2025-01-07,3,716,45824,0.56
2025-01-07,4,240,13680,0.47
2025-01-07,5,425,35275,0.81
2025-01-07,6,355,23430,0.73
2025-01-07,7,305,19215,0.5
2025-01-07,8,253,20746,0.65
2025-01-08,1,932,56852,0.7
2025-01-08,2,569,44382,0.72
2025-01-08,3,621,49059,0.63
2025-01-08,4,197,15957,0.38
2025-01-08,5,497,18886,0.67
2025-01-08,6,450,31950,0.58
2025-01-08,7,149,12963,0.54
2025-01-08,8,316,18960,0.78
2025-01-09,1,784,35280,0.79
2025-01-09,2,759,45540,0.58
2025-01-09,3,628,32028,0.77
2025-01-09,4,191,8404,0.5
2025-01-09,5,312,18096,0.74
2025-01-09,6,440,36520,0.7
2025-01-09,7,329,25991,0.61
2025-01-09,8,524,44540,0.78
2025-01-10,1,951,45648,0.74
2025-01-10,2,661,44287,0.76
2025-01-10,3,668,32732,0.77
2025-01-10,4,302,19026,0.62
2025-01-10,5,521,26050,0.71
2025-01-10,6,344,13072,0.72
2025-01-10,7,205,17630,0.46
2025-01-10,8,381,28194,0.55
2025-01-11,1,1072,52528,0.79
2025-01-11,2,666,29970,0.73
2025-01-11,3,648,46008,0.85
2025-01-11,4,323,20026,0.5
2025-01-11,5,343,20580,0.62
2025-01-11,6,370,18130,0.76
2025-01-11,7,265,15105,0.39
2025-01-11,8,507,41067,0.64
2025-01-12,1,975,55575,0.72
2025-01-12,2,753,35391,0.74
2025-01-12,3,582,26772,0.68
2025-01-12,4,189,13041,0.47
2025-01-12,5,344,27176,0.6
2025-01-12,6,461,22128,0.67
2025-01-12,7,178,10324,0.51
2025-01-12,8,476,28560,0.6
2025-01-13,1,1032,51600,0.66
2025-01-13,2,776,54320,0.5
2025-01-13,3,615,42435,0.62
2025-01-13,4,136,9384,0.59
2025-01-13,5,468,41184,0.78
2025-01-13,6,424,23320,0.62
2025-01-13,7,229,19923,0.58
2025-01-13,8,300,26100,0.72
2025-01-14,1,860,63640,0.69
2025-01-14,2,797,48617,0.78
2025-01-14,3,538,46268,0.65
2025-01-14,4,241,15665,0.41
2025-01-14,5,532,45752,0.78
2025-01-14,6,422,16880,0.85
2025-01-14,7,153,6579,0.53
2025-01-14,8,197,17139,0.79
2025-01-15,1,969,82365,0.64
2025-01-15,2,616,46816,0.65
2025-01-15,3,742,47488,0.79
2025-01-15,4,221,16354,0.43
2025-01-15,5,486,33534,0.66
2025-01-15,6,441,28665,0.61
2025-01-15,7,210,9240,0.49
2025-01-15,8,404,31916,0.65
2025-01-16,1,864,74304,0.6
2025-01-16,2,710,58930,0.81
2025-01-16,3,702,29484,0.72
2025-01-16,4,296,23976,0.55
2025-01-16,5,411,24249,0.69
2025-01-16,6,511,33215,0.47
2025-01-16,7,190,9880,0.42
2025-01-16,8,329,14476,0.78
2025-01-17,1,1007,57399,0.74
2025-01-17,2,784,67424,0.79
2025-01-17,3,735,59535,0.61
2025-01-17,4,317,12046,0.59
2025-01-17,5,385,23100,0.66
2025-01-17,6,401,18847,0.58
2025-01-17,7,310,20460,0.46
2025-01-17,8,440,19360,0.66
2025-01-18,1,974,81816,0.72
2025-01-18,2,556,32248,0.83
2025-01-18,3,674,53246,0.63
2025-01-18,4,342,25992,0.56
2025-01-18,5,408,33456,0.63
2025-01-18,6,563,32091,0.72
2025-01-18,7,248,12400,0.62
2025-01-18,8,419,17179,0.62
2025-01-19,1,978,51834,0.55
2025-01-19,2,663,45747,0.69
2025-01-19,3,641,24358,0.67
2025-01-19,4,434,19964,0.49
2025-01-19,5,311,19904,0.79
2025-01-19,6,344,29584,0.78
2025-01-19,7,30,1260,0.55
2025-01-19,8,447,24138,0.69
2025-01-20,1,986,86768,0.87
2025-01-20,2,650,53950,0.73
2025-01-20,3,582,47724,0.69
2025-01-20,4,172,12384,0.58
2025-01-20,5,374,21318,0.65
2025-01-20,6,568,26696,0.78
2025-01-20,7,147,11466,0.49
2025-01-20,8,429,33891,0.57
2025-01-21,1,1056,88704,0.74
2025-01-21,2,753,39909,0.67
2025-01-21,3,728,48776,0.73
2025-01-21,4,240,19200,0.49
2025-01-21,5,413,18585,0.56
2025-01-21,6,460,17480,0.69
2025-01-21,7,315,22365,0.68
2025-01-21,8,281,15174,0.67
2025-01-22,1,969,84303,0.73
2025-01-22,2,612,53244,0.75
2025-01-22,3,656,54448,0.72
2025-01-22,4,243,16281,0.48
2025-01-22,5,441,38367,0.73
2025-01-22,6,479,21555,0.7
2025-01-22,7,227,9080,0.5
2025-01-22,8,433,21217,0.83
2025-01-23,1,988,78052,0.57
2025-01-23,2,642,41088,0.72
2025-01-23,3,716,30072,0.65
2025-01-23,4,225,18225,0.49
2025-01-23,5,458,32518,0.66
2025-01-23,6,604,25368,0.67
2025-01-23,7,327,28449,0.4
2025-01-23,8,457,33361,0.63
2025-01-24,1,880,49280,0.71
2025-01-24,2,641,49357,0.66
2025-01-24,3,663,45747,0.77
2025-01-24,4,389,32676,0.51
2025-01-24,5,522,27666,0.61
2025-01-24,6,521,20319,0.84
2025-01-24,7,227,18614,0.58
2025-01-24,8,552,20976,0.55
2025-01-25,1,954,81090,0.61
2025-01-25,2,694,49274,0.65
2025-01-25,3,737,30217,0.68
2025-01-25,4,300,16500,0.5
2025-01-25,5,561,39831,0.79
2025-01-25,6,283,18961,0.78
2025-01-25,7,251,11044,0.5
2025-01-25,8,313,19719,0.69
2025-01-26,1,1036,67340,0.74
2025-01-26,2,679,38024,0.65
2025-01-26,3,655,41265,0.76
2025-01-26,4,222,12876,0.39
2025-01-26,5,367,18350,0.71
2025-01-26,6,504,22176,0.79
2025-01-26,7,245,16415,0.55
2025-01-26,8,405,24300,0.73
2025-01-27,1,999,56943,0.68
2025-01-27,2,557,23951,0.73
2025-01-27,3,722,59926,0.79
2025-01-27,4,252,14616,0.49
2025-01-27,5,490,29400,0.79
2025-01-27,6,401,22857,0.71
2025-01-27,7,205,7995,0.75
2025-01-27,8,560,40880,0.64
2025-01-28,1,949,63583,0.63
2025-01-28,2,806,36270,0.77
2025-01-28,3,800,41600,0.7
2025-01-28,4,355,21655,0.62
2025-01-28,5,351,15093,0.52
2025-01-28,6,369,15498,0.66
2025-01-28,7,247,19513,0.51
2025-01-28,8,383,22597,0.7
2025-01-29,1,1078,44198,0.82
2025-01-29,2,687,32289,0.78
2025-01-29,3,565,40115,0.75
2025-01-29,4,335,20770,0.46
2025-01-29,5,451,21648,0.38
2025-01-29,6,493,24157,0.68
2025-01-29,7,334,23046,0.66
2025-01-29,8,431,35773,0.73
2025-01-30,1,930,77190,0.71
2025-01-30,2,770,33880,0.66
2025-01-30,3,625,30000,0.75
2025-01-30,4,251,19578,0.42
2025-01-30,5,525,25725,0.66
2025-01-30,6,394,30338,0.59
2025-01-30,7,232,17400,0.45
2025-01-30,8,448,37632,0.62
2025-01-31,1,935,78540,0.65
2025-01-31,2,770,66990,0.66
2025-01-31,3,524,40348,0.58
2025-01-31,4,98,4606,0.43
2025-01-31,5,481,27898,0.72
2025-01-31,6,444,36852,0.67
2025-01-31,7,271,22222,0.51
2025-01-31,8,418,15884,0.73
2025-02-01,1,877,42096,0.72
2025-02-01,2,765,47430,0.63
2025-02-01,3,616,41888,0.75
2025-02-01,4,283,24338,0.41
2025-02-01,5,402,16884,0.65
2025-02-01,6,425,16575,0.67
2025-02-01,7,142,5964,0.69
2025-02-01,8,334,16032,0.83
2025-02-02,1,939,40377,0.59
2025-02-02,2,585,39780,0.89
2025-02-02,3,637,50323,0.61
2025-02-02,4,340,16320,0.65
2025-02-02,5,483,24150,0.71
2025-02-02,6,339,28476,0.74
2025-02-02,7,113,6441,0.48
2025-02-02,8,421,31154,0.72
2025-02-03,1,867,35547,0.66
2025-02-03,2,649,36344,0.75
2025-02-03,3,707,48076,0.59
2025-02-03,4,265,12720,0.53
2025-02-03,5,286,19448,0.52
2025-02-03,6,455,28665,0.63
2025-02-03,7,63,3402,0.54
2025-02-03,8,499,24451,0.74
2025-02-04,1,899,44051,0.75
2025-02-04,2,644,43148,0.71
2025-02-04,3,647,47878,0.84
2025-02-04,4,376,30080,0.56
2025-02-04,5,511,36792,0.76
2025-02-04,6,311,16172,0.76
2025-02-04,7,84,5964,0.46
2025-02-04,8,338,22984,0.74
2025-02-05,1,900,51300,0.66
2025-02-05,2,777,31080,0.52
2025-02-05,3,467,21949,0.59
2025-02-05,4,346,16608,0.65
2025-02-05,5,449,36369,0.7
2025-02-05,6,521,24487,0.72
2025-02-05,7,243,15066,0.49
2025-02-05,8,387,27477,0.53
2025-02-06,1,919,80872,0.59
2025-02-06,2,632,29704,0.73
2025-02-06,3,569,25036,0.65
2025-02-06,4,345,15180,0.46
2025-02-06,5,453,27180,0.53
2025-02-06,6,462,36498,0.65
2025-02-06,7,117,4680,0.52
2025-02-06,8,455,35035,0.76
2025-02-07,1,860,34400,0.61
2025-02-07,2,577,47314,0.79
2025-02-07,3,669,36795,0.82
2025-02-07,4,272,23936,0.5
2025-02-07,5,400,27600,0.75
2025-02-07,6,491,25532,0.6
2025-02-07,7,354,23364,0.67
2025-02-07,8,429,36036,0.62
2025-02-08,1,856,42800,0.75
2025-02-08,2,545,34880,0.75
2025-02-08,3,652,39772,0.56
2025-02-08,4,298,14304,0.42
2025-02-08,5,528,33264,0.74
2025-02-08,6,516,38184,0.81
2025-02-08,7,268,13400,0.52
2025-02-08,8,449,30083,0.64
2025-02-09,1,1017,50850,0.71
2025-02-09,2,679,47530,0.84
2025-02-09,3,524,42444,0.8
2025-02-09,4,331,25156,0.52
2025-02-09,5,240,16320,0.76
2025-02-09,6,360,17280,0.65
2025-02-09,7,250,20500,0.46
2025-02-09,8,434,17794,0.7
2025-02-10,1,1000,51000,0.78
2025-02-10,2,767,62127,0.6
2025-02-10,3,689,48230,0.8
2025-02-10,4,389,33843,0.53
2025-02-10,5,384,17664,0.61
2025-02-10,6,358,13604,0.6
2025-02-10,7,236,13452,0.62
2025-02-10,8,392,21560,0.57
2025-02-11,1,885,53100,0.73
2025-02-11,2,649,36993,0.7
2025-02-11,3,598,37674,0.56
2025-02-11,4,252,20160,0.51
2025-02-11,5,560,40880,0.66
2025-02-11,6,358,20406,0.6
2025-02-11,7,185,10915,0.43
2025-02-11,8,527,28985,0.68
2025-02-12,1,941,74339,0.82
2025-02-12,2,710,48990,0.7
2025-02-12,3,633,49374,0.57
2025-02-12,4,138,11592,0.53
2025-02-12,5,282,17202,0.77
2025-02-12,6,269,16678,0.69
2025-02-12,7,171,14877,0.63
2025-02-12,8,491,42717,0.81
2025-02-13,1,1100,94600,0.64
2025-02-13,2,724,58644,0.64
2025-02-13,3,781,40612,0.69
2025-02-13,4,236,10856,0.44
2025-02-13,5,490,27930,0.75
2025-02-13,6,489,27873,0.82
2025-02-13,7,298,21158,0.48
2025-02-13,8,364,29484,0.65
2025-02-14,1,1018,70242,0.69
2025-02-14,2,669,42147,0.73
2025-02-14,3,713,32798,0.7
2025-02-14,4,263,18410,0.53
2025-02-14,5,454,35866,0.76
2025-02-14,6,439,34242,0.62
2025-02-14,7,216,8856,0.61
2025-02-14,8,400,17600,0.68
2025-02-15,1,941,77162,0.68
2025-02-15,2,760,34200,0.75
2025-02-15,3,578,27166,0.66
2025-02-15,4,291,11058,0.63
2025-02-15,5,385,30800,0.8
2025-02-15,6,316,25912,0.68
2025-02-15,7,312,13728,0.62
2025-02-15,8,316,17696,0.68
2025-02-16,1,976,48800,0.71
2025-02-16,2,599,42529,0.6
2025-02-16,3,729,46656,0.68
2025-02-16,4,254,17526,0.53
2025-02-16,5,516,35088,0.62
2025-02-16,6,417,33360,0.7
2025-02-16,7,250,18500,0.53
2025-02-16,8,399,17157,0.65
2025-02-17,1,955,80220,0.66
2025-02-17,2,746,38792,0.73
2025-02-17,3,461,24894,0.75
2025-02-17,4,226,11074,0.52
2025-02-17,5,523,31903,0.58
2025-02-17,6,440,37400,0.62
2025-02-17,7,329,13160,0.61
2025-02-17,8,460,36340,0.69
2025-02-18,1,983,64878,0.76
2025-02-18,2,756,63504,0.67
2025-02-18,3,774,37926,0.77
2025-02-18,4,317,21239,0.56
2025-02-18,5,409,27812,0.77
2025-02-18,6,453,21744,0.58
2025-02-18,7,307,12587,0.59
2025-02-18,8,563,24772,0.67
2025-02-19,1,863,63862,0.74
2025-02-19,2,657,57159,0.68
2025-02-19,3,748,34408,0.6
2025-02-19,4,269,17754,0.57
2025-02-19,5,570,40470,0.7
2025-02-19,6,322,16744,0.81
2025-02-19,7,106,8162,0.5
2025-02-19,8,482,32776,0.62
2025-02-20,1,1033,79541,0.81
2025-02-20,2,801,38448,0.73
2025-02-20,3,575,39675,0.69
2025-02-20,4,280,19320,0.49
2025-02-20,5,391,21505,0.75
2025-02-20,6,470,37130,0.71
2025-02-20,7,120,5160,0.61
2025-02-20,8,289,19074,0.73
2025-02-21,1,1024,59392,0.74
2025-02-21,2,764,60356,0.75
2025-02-21,3,735,29400,0.7
2025-02-21,4,258,11094,0.51
2025-02-21,5,470,36660,0.49
2025-02-21,6,389,19839,0.78
2025-02-21,7,173,10207,0.44
2025-02-21,8,403,20956,0.71
2025-02-22,1,987,85869,0.63
2025-02-22,2,638,51040,0.63
2025-02-22,3,606,26664,0.76
2025-02-22,4,263,15517,0.45
2025-02-22,5,354,19824,0.78
2025-02-22,6,350,15400,0.67
2025-02-22,7,263,12098,0.52
2025-02-22,8,473,30272,0.57
2025-02-23,1,1030,51500,0.76
2025-02-23,2,806,41106,0.8
2025-02-23,3,533,44239,0.73
2025-02-23,4,193,7720,0.62
2025-02-23,5,548,41100,0.62
2025-02-23,6,533,35711,0.81
2025-02-23,7,117,5382,0.34
2025-02-23,8,426,36210,0.69
2025-02-24,1,1117,83775,0.75
2025-02-24,2,611,29939,0.7
2025-02-24,3,643,29578,0.64
2025-02-24,4,347,26372,0.58
2025-02-24,5,485,30070,0.63
2025-02-24,6,330,27060,0.74
2025-02-24,7,224,13216,0.45
2025-02-24,8,500,23000,0.67
2025-02-25,1,1015,86275,0.77
2025-02-25,2,556,40588,0.68
2025-02-25,3,735,53655,0.59
2025-02-25,4,226,17402,0.47
2025-02-25,5,394,31914,0.57
2025-02-25,6,499,24451,0.78
2025-02-25,7,104,6032,0.51
2025-02-25,8,388,28324,0.56
2025-02-26,1,853,68240,0.7
2025-02-26,2,724,39820,0.7
2025-02-26,3,608,46816,0.76
2025-02-26,4,172,10664,0.35
2025-02-26,5,516,40248,0.58
2025-02-26,6,449,22001,0.69
2025-02-26,7,209,9823,0.47
2025-02-26,8,433,22516,0.62
2025-02-27,1,915,46665,0.76
2025-02-27,2,799,54332,0.66
2025-02-27,3,799,63121,0.69
2025-02-27,4,371,24486,0.52
2025-02-27,5,426,32802,0.8
2025-02-27,6,420,24360,0.71
2025-02-27,7,121,5445,0.61
2025-02-27,8,349,19544,0.76
2025-02-28,1,1039,90393,0.7
2025-02-28,2,604,39864,0.79
2025-02-28,3,597,47163,0.7
2025-02-28,4,291,12804,0.6
2025-02-28,5,513,36936,0.86
2025-02-28,6,316,16116,0.67
2025-02-28,7,157,12717,0.39
2025-02-28,8,388,27936,0.71
2025-03-01,1,1023,86955,0.55
2025-03-01,2,717,30114,0.58
2025-03-01,3,659,44153,0.64
2025-03-01,4,255,10710,0.49
2025-03-01,5,545,39785,0.74
2025-03-01,6,545,29430,0.75
2025-03-01,7,151,9513,0.56
2025-03-01,8,407,32967,0.7
2025-03-02,1,956,80304,0.7
2025-03-02,2,699,29358,0.67
2025-03-02,3,763,43491,0.78
2025-03-02,4,267,16821,0.42
2025-03-02,5,449,38165,0.74
2025-03-02,6,447,34866,0.59
2025-03-02,7,146,12848,0.35
2025-03-02,8,329,14805,0.66
2025-03-03,1,882,64386,0.65
2025-03-03,2,760,64600,0.67
2025-03-03,3,653,33303,0.56
2025-03-03,4,167,11690,0.57
2025-03-03,5,449,34573,0.73
2025-03-03,6,445,21805,0.64
2025-03-03,7,173,7093,0.42
2025-03-03,8,523,38179,0.54
2025-03-04,1,858,48048,0.71
2025-03-04,2,673,33650,0.64
2025-03-04,3,646,38114,0.6
2025-03-04,4,190,10070,0.6
2025-03-04,5,504,25200,0.76
2025-03-04,6,386,29722,0.77
2025-03-04,7,157,7379,0.41
2025-03-04,8,354,20532,0.66
2025-03-05,1,994,57652,0.68
2025-03-05,2,753,59487,0.55
2025-03-05,3,631,42908,0.63
2025-03-05,4,276,19044,0.46
2025-03-05,5,472,21712,0.72
2025-03-05,6,388,30264,0.72
2025-03-05,7,282,21150,0.42
2025-03-05,8,358,14320,0.6
2025-03-06,1,822,50142,0.71
2025-03-06,2,576,43200,0.8
2025-03-06,3,653,43751,0.62
2025-03-06,4,227,13847,0.51
2025-03-06,5,309,23793,0.69
2025-03-06,6,369,16974,0.57
2025-03-06,7,175,12950,0.53
2025-03-06,8,314,26690,0.51
2025-03-07,1,929,37160,0.5
2025-03-07,2,716,30072,0.78
2025-03-07,3,655,52400,0.75
2025-03-07,4,303,18483,0.68
2025-03-07,5,292,11680,0.81
2025-03-07,6,525,23100,0.72
2025-03-07,7,193,10615,0.42
2025-03-07,8,449,32328,0.64
2025-03-08,1,884,54808,0.66
2025-03-08,2,627,26334,0.78
2025-03-08,3,587,30524,0.68
2025-03-08,4,190,11400,0.5
2025-03-08,5,334,25384,0.7
2025-03-08,6,574,37884,0.7
2025-03-08,7,235,18565,0.54
2025-03-08,8,411,19728,0.73
2025-03-09,1,872,39240,0.79
2025-03-09,2,658,38822,0.62
2025-03-09,3,644,43792,0.6
2025-03-09,4,160,12640,0.52
2025-03-09,5,427,17080,0.68
2025-03-09,6,489,22494,0.77
2025-03-09,7,205,15170,0.49
2025-03-09,8,447,21903,0.73
2025-03-10,1,873,64602,0.68
2025-03-10,2,600,50400,0.57
2025-03-10,3,627,26961,0.63
2025-03-10,4,281,19108,0.62
2025-03-10,5,450,28800,0.65
2025-03-10,6,312,27144,0.61
2025-03-10,7,265,14310,0.62
2025-03-10,8,476,31892,0.8
2025-03-11,1,926,57412,0.67
2025-03-11,2,672,33600,0.72
2025-03-11,3,497,40257,0.67
2025-03-11,4,222,9768,0.53
2025-03-11,5,491,37316,0.84
2025-03-11,6,547,38290,0.72
2025-03-11,7,220,17600,0.47
2025-03-11,8,489,18582,0.77
2025-03-12,1,1053,83187,0.61
2025-03-12,2,755,61910,0.53
2025-03-12,3,704,61952,0.81
2025-03-12,4,226,16272,0.46
2025-03-12,5,339,19323,0.66
2025-03-12,6,447,28161,0.74
2025-03-12,7,324,21060,0.65
2025-03-12,8,395,34365,0.59
2025-03-13,1,834,64218,0.68
2025-03-13,2,709,37577,0.71
2025-03-13,3,545,23435,0.51
2025-03-13,4,390,23400,0.51
2025-03-13,5,383,19150,0.62
2025-03-13,6,298,12516,0.68
2025-03-13,7,302,25368,0.46
2025-03-13,8,500,30000,0.53
2025-03-14,1,870,45240,0.81
2025-03-14,2,661,41643,0.66
2025-03-14,3,607,38848,0.66
2025-03-14,4,164,11480,0.51
2025-03-14,5,370,25900,0.88
2025-03-14,6,567,49896,0.65
2025-03-14,7,117,7254,0.45
2025-03-14,8,301,25886,0.64
2025-03-15,1,880,71280,0.81
2025-03-15,2,603,23517,0.72
2025-03-15,3,602,37324,0.7
2025-03-15,4,99,8019,0.34
2025-03-15,5,379,24256,0.55
2025-03-15,6,506,19228,0.66
2025-03-15,7,202,11312,0.45
2025-03-15,8,513,30267,0.76
2025-03-16,1,1104,75072,0.78
2025-03-16,2,679,50246,0.74
2025-03-16,3,638,51678,0.88
2025-03-16,4,304,25840,0.49
2025-03-16,5,458,24732,0.81
2025-03-16,6,433,22949,0.74
2025-03-16,7,256,22272,0.45
2025-03-16,8,552,44712,0.8
2025-03-17,1,1034,39292,0.66
2025-03-17,2,708,28320,0.59
2025-03-17,3,701,40658,0.63
2025-03-17,4,42,3108,0.52
2025-03-17,5,479,41194,0.62
2025-03-17,6,472,24544,0.66
2025-03-17,7,220,15620,0.47
2025-03-17,8,446,32112,0.6
2025-03-18,1,1017,82377,0.71
2025-03-18,2,713,32085,0.6
2025-03-18,3,633,51906,0.61
2025-03-18,4,372,23064,0.52
2025-03-18,5,361,27797,0.66
2025-03-18,6,451,24354,0.65
2025-03-18,7,226,17402,0.6
2025-03-18,8,393,25545,0.73
2025-03-19,1,978,59658,0.81
2025-03-19,2,756,37044,0.49
2025-03-19,3,664,36520,0.73
2025-03-19,4,169,8450,0.63
2025-03-19,5,409,26176,0.69
2025-03-19,6,420,29820,0.62
2025-03-19,7,190,14060,0.61
2025-03-19,8,430,17630,0.7
2025-03-20,1,893,52687,0.63
2025-03-20,2,695,50735,0.77
2025-03-20,3,712,27768,0.66
2025-03-20,4,200,16200,0.55
2025-03-20,5,468,34632,0.68
2025-03-20,6,365,31755,0.61
2025-03-20,7,205,14350,0.58
2025-03-20,8,297,12771,0.7
2025-03-21,1,904,70512,0.73
2025-03-21,2,845,65910,0.65
2025-03-21,3,684,53352,0.62
2025-03-21,4,201,8442,0.46
2025-03-21,5,480,27840,0.73
2025-03-21,6,394,21670,0.75
2025-03-21,7,160,10560,0.46
2025-03-21,8,454,38590,0.5
2025-03-22,1,783,50112,0.58
2025-03-22,2,773,35558,0.83
2025-03-22,3,644,54740,0.57
2025-03-22,4,250,12000,0.48
2025-03-22,5,393,26724,0.71
2025-03-22,6,403,25389,0.68
2025-03-22,7,30,1320,0.47
2025-03-22,8,416,32864,0.74
2025-03-23,1,1017,52884,0.66
2025-03-23,2,701,54678,0.76
2025-03-23,3,724,34752,0.76
2025-03-23,4,368,21344,0.53
2025-03-23,5,475,34200,0.62
2025-03-23,6,506,23276,0.65
2025-03-23,7,333,16317,0.49
2025-03-23,8,350,29750,0.64
2025-03-24,1,886,62906,0.61
2025-03-24,2,640,38400,0.61
2025-03-24,3,606,26058,0.7
2025-03-24,4,193,10422,0.54
2025-03-24,5,426,30246,0.7
2025-03-24,6,478,28680,0.55
2025-03-24,7,198,16236,0.61
2025-03-24,8,580,39440,0.6
2025-03-25,1,910,50960,0.82
2025-03-25,2,590,43070,0.61
2025-03-25,3,605,44165,0.75
2025-03-25,4,207,17181,0.53
2025-03-25,5,413,25606,0.61
2025-03-25,6,425,33150,0.72
2025-03-25,7,228,17556,0.65
2025-03-25,8,460,25760,0.58
2025-03-26,1,894,49170,0.61
2025-03-26,2,681,49032,0.73
2025-03-26,3,624,43056,0.75
2025-03-26,4,214,11556,0.5
2025-03-26,5,458,20152,0.81
2025-03-26,6,383,26044,0.68
2025-03-26,7,213,18744,0.55
2025-03-26,8,507,43602,0.75
2025-03-27,1,907,59862,0.63
2025-03-27,2,698,43276,0.67
2025-03-27,3,634,25360,0.72
2025-03-27,4,179,10024,0.52
2025-03-27,5,336,24864,0.67
2025-03-27,6,446,37464,0.76
2025-03-27,7,72,5472,0.54
2025-03-27,8,501,21042,0.64
2025-03-28,1,869,46926,0.67
2025-03-28,2,620,53940,0.67
2025-03-28,3,612,29988,0.63
2025-03-28,4,337,20557,0.44
2025-03-28,5,429,36036,0.63
2025-03-28,6,600,37200,0.77
2025-03-28,7,261,22707,0.62
2025-03-28,8,322,18676,0.65
2025-03-29,1,894,39336,0.73
2025-03-29,2,672,30912,0.69
2025-03-29,3,668,29392,0.71
2025-03-29,4,225,16650,0.51
2025-03-29,5,373,25737,0.63
2025-03-29,6,304,16416,0.67
2025-03-29,7,270,22410,0.53
2025-03-29,8,576,29376,0.77
2025-03-30,1,853,36679,0.54
2025-03-30,2,595,36295,0.71
2025-03-30,3,494,31616,0.62
2025-03-30,4,318,13038,0.38
2025-03-30,5,446,17840,0.63
2025-03-30,6,405,17010,0.54
2025-03-30,7,399,17556,0.44
2025-03-30,8,463,28706,0.72
2025-03-31,1,984,52152,0.78
2025-03-31,2,535,39055,0.61
2025-03-31,3,659,28996,0.61
2025-03-31,4,270,21870,0.41
2025-03-31,5,312,13728,0.72
2025-03-31,6,443,27909,0.73
2025-03-31,7,110,7920,0.51
2025-03-31,8,501,30060,0.69
2025-04-01,1,1027,59566,0.63
2025-04-01,2,707,59388,0.61
2025-04-01,3,665,41230,0.79
2025-04-01,4,339,21357,0.49
2025-04-01,5,479,18681,0.7
2025-04-01,6,636,32436,0.7
2025-04-01,7,244,13420,0.34
2025-04-01,8,488,22448,0.71
2025-04-02,1,993,53622,0.65
2025-04-02,2,669,49506,0.8
2025-04-02,3,621,42849,0.77
2025-04-02,4,158,6952,0.45
2025-04-02,5,446,38802,0.62
2025-04-02,6,464,30160,0.55
2025-04-02,7,235,17860,0.63
2025-04-02,8,373,23126,0.78
2025-04-03,1,908,63560,0.68
2025-04-03,2,686,55566,0.65
2025-04-03,3,651,42966,0.61
2025-04-03,4,261,11223,0.41
2025-04-03,5,430,27090,0.76
2025-04-03,6,460,31280,0.75
2025-04-03,7,198,12474,0.5
2025-04-03,8,414,26910,0.77
2025-04-04,1,955,43930,0.65
2025-04-04,2,650,40950,0.7
2025-04-04,3,631,48587,0.65
2025-04-04,4,351,18603,0.51
2025-04-04,5,536,31088,0.75
2025-04-04,6,380,17100,0.59
2025-04-04,7,182,10920,0.44
2025-04-04,8,445,35155,0.76
2025-04-05,1,1013,60780,0.7
2025-04-05,2,530,34980,0.53
2025-04-05,3,602,31304,0.63
2025-04-05,4,282,24252,0.58
2025-04-05,5,415,35275,0.66
2025-04-05,6,592,27824,0.76
2025-04-05,7,314,11932,0.4
2025-04-05,8,345,19665,0.81
2025-04-06,1,934,47634,0.7
2025-04-06,2,696,50112,0.63
2025-04-06,3,602,40936,0.68
2025-04-06,4,92,7544,0.34
2025-04-06,5,415,31125,0.68
2025-04-06,6,496,26784,0.64
2025-04-06,7,249,21912,0.57
2025-04-06,8,400,26800,0.63
2025-04-07,1,944,58528,0.68
2025-04-07,2,640,51200,0.59
2025-04-07,3,637,35672,0.72
2025-04-07,4,333,17316,0.42
2025-04-07,5,508,42164,0.68
2025-04-07,6,472,35872,0.73
2025-04-07,7,172,12040,0.5
2025-04-07,8,514,42662,0.67
2025-04-08,1,1006,71426,0.7
2025-04-08,2,670,56950,0.78
2025-04-08,3,698,41880,0.75
2025-04-08,4,220,15400,0.56
2025-04-08,5,415,22410,0.72
2025-04-08,6,534,20826,0.57
2025-04-08,7,391,20332,0.44
2025-04-08,8,512,40960,0.83
2025-04-09,1,1028,72988,0.79
2025-04-09,2,662,52298,0.7
2025-04-09,3,768,60672,0.62
2025-04-09,4,324,20736,0.52
2025-04-09,5,470,36190,0.81
2025-04-09,6,317,26311,0.69
2025-04-09,7,210,17850,0.59
2025-04-09,8,365,22995,0.71
2025-04-10,1,1043,74053,0.59
2025-04-10,2,764,30560,0.75
2025-04-10,3,700,50400,0.65
2025-04-10,4,163,11899,0.59
2025-04-10,5,322,13202,0.78
2025-04-10,6,449,25593,0.77
2025-04-10,7,229,10992,0.45
2025-04-10,8,328,13448,0.74
2025-04-11,1,890,59630,0.53
2025-04-11,2,739,62076,0.61
2025-04-11,3,612,45900,0.69
2025-04-11,4,367,16882,0.46
2025-04-11,5,368,14352,0.73
2025-04-11,6,463,38429,0.79
2025-04-11,7,343,14749,0.41
2025-04-11,8,419,34777,0.81
2025-04-12,1,984,44280,0.57
2025-04-12,2,798,62244,0.76
2025-04-12,3,600,37200,0.76
2025-04-12,4,230,17710,0.34
2025-04-12,5,489,30318,0.67
2025-04-12,6,464,27376,0.7
2025-04-12,7,119,5593,0.46
2025-04-12,8,441,38367,0.73
2025-04-13,1,931,53067,0.61
2025-04-13,2,676,37856,0.49
2025-04-13,3,633,29118,0.66
2025-04-13,4,266,22876,0.51
2025-04-13,5,418,28842,0.78
2025-04-13,6,412,28428,0.69
2025-04-13,7,227,15436,0.62
2025-04-13,8,342,25992,0.71
2025-04-14,1,904,65992,0.65
2025-04-14,2,681,34731,0.8
2025-04-14,3,700,55300,0.7
2025-04-14,4,235,9400,0.55
2025-04-14,5,348,19836,0.56
2025-04-14,6,404,17776,0.72
2025-04-14,7,179,14499,0.53
2025-04-14,8,396,32472,0.8
2025-04-15,1,840,41160,0.61
2025-04-15,2,821,50081,0.66
2025-04-15,3,690,39330,0.68
2025-04-15,4,189,7938,0.66
2025-04-15,5,427,17934,0.54
2025-04-15,6,409,33538,0.73
2025-04-15,7,262,16768,0.45
2025-04-15,8,305,23485,0.67
2025-04-16,1,1041,81198,0.73
2025-04-16,2,694,56908,0.58
2025-04-16,3,636,36888,0.8
2025-04-16,4,357,21420,0.61
2025-04-16,5,314,21666,0.68
2025-04-16,6,274,22742,0.68
2025-04-16,7,323,14535,0.53
2025-04-16,8,369,23616,0.63
2025-04-17,1,967,75426,0.64
2025-04-17,2,718,63184,0.75
2025-04-17,3,717,52341,0.72
2025-04-17,4,256,20736,0.52
2025-04-17,5,382,28268,0.76
2025-04-17,6,406,19894,0.68
2025-04-17,7,268,21708,0.65
2025-04-17,8,335,13400,0.7
2025-04-18,1,897,69966,0.62
2025-04-18,2,554,32686,0.73
2025-04-18,3,526,44710,0.72
2025-04-18,4,345,25530,0.54
2025-04-18,5,409,29448,0.62
2025-04-18,6,517,30503,0.7
2025-04-18,7,268,16080,0.35
2025-04-18,8,459,17901,0.71
2025-04-19,1,911,65592,0.76
2025-04-19,2,753,46686,0.6
2025-04-19,3,674,59312,0.73
2025-04-19,4,261,15138,0.38
2025-04-19,5,405,17415,0.63
2025-04-19,6,364,24024,0.69
2025-04-19,7,250,17750,0.45
2025-04-19,8,408,35904,0.73
2025-04-20,1,999,42957,0.7
2025-04-20,2,684,46512,0.7
2025-04-20,3,695,41005,0.66
2025-04-20,4,368,26128,0.45
2025-04-20,5,395,34365,0.76
2025-04-20,6,516,36636,0.58
2025-04-20,7,202,16968,0.47
2025-04-20,8,492,34932,0.71
2025-04-21,1,998,39920,0.74
2025-04-21,2,661,28423,0.59
2025-04-21,3,581,25564,0.84
2025-04-21,4,150,8550,0.49
2025-04-21,5,545,42510,0.71
2025-04-21,6,471,23550,0.65
2025-04-21,7,198,17226,0.61
2025-04-21,8,385,18095,0.7
2025-04-22,1,970,74690,0.72
2025-04-22,2,667,48024,0.68
2025-04-22,3,621,29187,0.75
2025-04-22,4,386,28564,0.46
2025-04-22,5,420,32340,0.72
2025-04-22,6,492,20172,0.63
2025-04-22,7,277,22437,0.58
2025-04-22,8,490,21070,0.71
2025-04-23,1,907,68932,0.71
2025-04-23,2,502,43172,0.64
2025-04-23,3,606,31512,0.7
2025-04-23,4,242,16456,0.52
2025-04-23,5,494,20748,0.75
2025-04-23,6,449,29185,0.81
2025-04-23,7,239,18164,0.48
2025-04-23,8,448,35392,0.63
2025-04-24,1,890,68530,0.71
2025-04-24,2,656,53136,0.67
2025-04-24,3,705,62040,0.64
2025-04-24,4,314,20410,0.47
2025-04-24,5,386,16598,0.52
2025-04-24,6,330,23100,0.64
2025-04-24,7,187,10472,0.53
2025-04-24,8,569,23329,0.76
2025-04-25,1,1046,62760,0.69
2025-04-25,2,747,29133,0.73
2025-04-25,3,670,42210,0.81
2025-04-25,4,176,11088,0.42
2025-04-25,5,350,28000,0.76
2025-04-25,6,438,31974,0.73
2025-04-25,7,92,5888,0.63
2025-04-25,8,566,45280,0.92
2025-04-26,1,958,75682,0.7
2025-04-26,2,819,56511,0.7
2025-04-26,3,548,25208,0.51
2025-04-26,4,352,22528,0.57
2025-04-26,5,521,42722,0.56
2025-04-26,6,357,17493,0.64
2025-04-26,7,144,9504,0.53
2025-04-26,8,379,24635,0.73
2025-04-27,1,871,73164,0.63
2025-04-27,2,707,45248,0.78
2025-04-27,3,748,29920,0.64
2025-04-27,4,356,29548,0.5
2025-04-27,5,352,28864,0.77
2025-04-27,6,526,37346,0.75
2025-04-27,7,434,37758,0.49
2025-04-27,8,403,28613,0.78
2025-04-28,1,974,66232,0.67
2025-04-28,2,624,49920,0.6
2025-04-28,3,753,56475,0.74
2025-04-28,4,250,14750,0.53
2025-04-28,5,409,27403,0.69
2025-04-28,6,335,28140,0.68
2025-04-28,7,185,10360,0.58
2025-04-28,8,415,31540,0.71
2025-04-29,1,949,70226,0.56
2025-04-29,2,693,51975,0.8
2025-04-29,3,671,37576,0.71
2025-04-29,4,297,16632,0.41
2025-04-29,5,381,16002,0.69
2025-04-29,6,456,20976,0.64
2025-04-29,7,175,9450,0.47
2025-04-29,8,456,22344,0.69
2025-04-30,1,1053,84240,0.62
2025-04-30,2,744,65472,0.66
2025-04-30,3,640,27520,0.69
2025-04-30,4,239,11233,0.58
2025-04-30,5,427,28182,0.63
2025-04-30,6,375,31500,0.7
2025-04-30,7,221,10608,0.47
2025-04-30,8,439,37315,0.86
2025-05-01,1,864,58752,0.78
2025-05-01,2,621,34776,0.67
2025-05-01,3,576,46656,0.51
2025-05-01,4,352,22880,0.45
2025-05-01,5,402,21708,0.83
2025-05-01,6,438,36792,0.56
2025-05-01,7,160,7840,0.61
2025-05-01,8,429,18018,0.69
2025-05-02,1,978,64548,0.71
2025-05-02,2,628,33912,0.79
2025-05-02,3,665,28595,0.71
2025-05-02,4,281,14331,0.55
2025-05-02,5,521,43243,0.66
2025-05-02,6,450,34200,0.68
2025-05-02,7,233,18407,0.6
2025-05-02,8,240,10800,0.61
2025-05-03,1,930,62310,0.63
2025-05-03,2,684,45828,0.66
2025-05-03,3,713,46345,0.66
2025-05-03,4,147,12789,0.4
2025-05-03,5,400,16800,0.73
2025-05-03,6,415,25730,0.72
2025-05-03,7,145,7830,0.53
2025-05-03,8,432,21600,0.72
2025-05-04,1,913,62997,0.66
2025-05-04,2,772,50180,0.75
2025-05-04,3,681,44946,0.8
2025-05-04,4,179,7518,0.47
2025-05-04,5,529,46023,0.75
2025-05-04,6,269,12643,0.75
2025-05-04,7,156,6240,0.51
2025-05-04,8,389,31898,0.64
2025-05-05,1,914,34732,0.76
2025-05-05,2,522,36018,0.67
2025-05-05,3,584,49056,0.7
2025-05-05,4,212,15264,0.37
2025-05-05,5,431,35342,0.77
2025-05-05,6,455,33670,0.61
2025-05-05,7,30,1770,0.46
2025-05-05,8,388,30264,0.62
2025-05-06,1,1058,64538,0.69
2025-05-06,2,513,22059,0.65
2025-05-06,3,728,40768,0.58
2025-05-06,4,159,6360,0.47
2025-05-06,5,527,30039,0.67
2025-05-06,6,366,28548,0.53
2025-05-06,7,125,9750,0.42
2025-05-06,8,375,15000,0.71
2025-05-07,1,991,74325,0.81
2025-05-07,2,724,63712,0.7
2025-05-07,3,510,20400,0.6
2025-05-07,4,248,21824,0.53
2025-05-07,5,446,37910,0.61
2025-05-07,6,400,18800,0.72
2025-05-07,7,59,2301,0.42
2025-05-07,8,436,22236,0.57
2025-05-08,1,1050,92400,0.66
2025-05-08,2,675,49275,0.77
2025-05-08,3,663,47073,0.73
2025-05-08,4,290,24940,0.49
2025-05-08,5,508,34036,0.68
2025-05-08,6,434,23870,0.57
2025-05-08,7,193,9071,0.52
2025-05-08,8,341,23188,0.5
2025-05-09,1,905,36200,0.69
2025-05-09,2,767,39117,0.72
2025-05-09,3,597,51342,0.72
2025-05-09,4,153,6273,0.52
2025-05-09,5,461,40568,0.67
2025-05-09,6,508,21336,0.71
2025-05-09,7,253,18975,0.43
2025-05-09,8,351,29835,0.65
2025-05-10,1,920,80040,0.63
2025-05-10,2,741,39273,0.73
2025-05-10,3,648,40176,0.53
2025-05-10,4,209,15675,0.49
2025-05-10,5,263,12361,0.71
2025-05-10,6,441,21609,0.8
2025-05-10,7,127,10668,0.54
2025-05-10,8,444,24420,0.76
2025-05-11,1,961,78802,0.73
2025-05-11,2,644,28980,0.66
2025-05-11,3,709,34032,0.62
2025-05-11,4,190,10640,0.45
2025-05-11,5,314,24492,0.6
2025-05-11,6,575,42550,0.64
2025-05-11,7,303,13029,0.48
2025-05-11,8,342,17442,0.74
2025-05-12,1,830,45650,0.61
2025-05-12,2,778,41234,0.7
2025-05-12,3,661,34372,0.78
2025-05-12,4,265,12455,0.44
2025-05-12,5,557,35648,0.6
2025-05-12,6,441,29988,0.69
2025-05-12,7,149,9685,0.42
2025-05-12,8,335,27470,0.67
2025-05-13,1,985,52205,0.61
2025-05-13,2,808,66256,0.76
2025-05-13,3,639,29394,0.5
2025-05-13,4,152,6536,0.56
2025-05-13,5,530,25440,0.7
2025-05-13,6,377,32045,0.54
2025-05-13,7,30,2010,0.4
2025-05-13,8,440,27720,0.53
2025-05-14,1,1010,78780,0.84
2025-05-14,2,723,30366,0.6
2025-05-14,3,737,40535,0.71
2025-05-14,4,89,7832,0.54
2025-05-14,5,509,20869,0.6
2025-05-14,6,404,16564,0.75
2025-05-14,7,227,17933,0.53
2025-05-14,8,409,35583,0.75
2025-05-15,1,844,71740,0.66
2025-05-15,2,791,64862,0.65
2025-05-15,3,690,35880,0.82
2025-05-15,4,118,8260,0.66
2025-05-15,5,394,16548,0.63
2025-05-15,6,362,25340,0.75
2025-05-15,7,120,9960,0.5
2025-05-15,8,282,15792,0.66
2025-05-16,1,881,71361,0.71
2025-05-16,2,828,34776,0.64
2025-05-16,3,718,30874,0.84
2025-05-16,4,327,18312,0.59
2025-05-16,5,448,21504,0.68
2025-05-16,6,401,27669,0.81
2025-05-16,7,188,14664,0.55
2025-05-16,8,497,40257,0.7
2025-05-17,1,911,54660,0.68
2025-05-17,2,592,23088,0.75
2025-05-17,3,653,33956,0.72
2025-05-17,4,233,13747,0.43
2025-05-17,5,361,28519,0.73
2025-05-17,6,439,35120,0.6
2025-05-17,7,111,7326,0.36
2025-05-17,8,326,28688,0.72
2025-05-18,1,903,46956,0.82
2025-05-18,2,501,43587,0.71
2025-05-18,3,684,38304,0.65
2025-05-18,4,143,6864,0.52
2025-05-18,5,405,19845,0.63
2025-05-18,6,481,38480,0.59
2025-05-18,7,170,7650,0.46
2025-05-18,8,483,22218,0.71
2025-05-19,1,882,44982,0.72
2025-05-19,2,681,39498,0.68
2025-05-19,3,702,46332,0.68
2025-05-19,4,143,8151,0.5
2025-05-19,5,432,29808,0.7
2025-05-19,6,441,25578,0.5
2025-05-19,7,269,19368,0.69
2025-05-19,8,486,40338,0.68
2025-05-20,1,904,77744,0.85
2025-05-20,2,797,37459,0.68
2025-05-20,3,697,46002,0.57
2025-05-20,4,167,11356,0.54
2025-05-20,5,453,33069,0.66
2025-05-20,6,432,33264,0.7
2025-05-20,7,202,8686,0.44
2025-05-20,8,372,18600,0.79
2025-05-21,1,903,78561,0.66
2025-05-21,2,628,25748,0.63
2025-05-21,3,569,29019,0.72
2025-05-21,4,251,10793,0.59
2025-05-21,5,486,35478,0.65
2025-05-21,6,344,29240,0.64
2025-05-21,7,147,12054,0.56
2025-05-21,8,491,33388,0.61
2025-05-22,1,979,46992,0.66
2025-05-22,2,767,59826,0.71
2025-05-22,3,719,40264,0.65
2025-05-22,4,159,6678,0.62
2025-05-22,5,292,14308,0.68
2025-05-22,6,429,20592,0.58
2025-05-22,7,30,2430,0.47
2025-05-22,8,438,35916,0.63
2025-05-23,1,937,70275,0.66
2025-05-23,2,675,31050,0.73
2025-05-23,3,588,40572,0.68
2025-05-23,4,43,2064,0.6
2025-05-23,5,454,23608,0.72
2025-05-23,6,485,35405,0.57
2025-05-23,7,51,3621,0.41
2025-05-23,8,487,39934,0.59
2025-05-24,1,951,63717,0.65
2025-05-24,2,732,33672,0.67
2025-05-24,3,735,41895,0.65
2025-05-24,4,172,11352,0.47
2025-05-24,5,497,42742,0.62
2025-05-24,6,465,26505,0.68
2025-05-24,7,293,15236,0.54
2025-05-24,8,499,40918,0.78
2025-05-25,1,955,43930,0.73
2025-05-25,2,778,66908,0.68
2025-05-25,3,666,57942,0.66
2025-05-25,4,107,5350,0.52
2025-05-25,5,523,36610,0.78
2025-05-25,6,349,18846,0.64
2025-05-25,7,219,8322,0.53
2025-05-25,8,423,32148,0.55
2025-05-26,1,994,48706,0.86
2025-05-26,2,691,32477,0.67
2025-05-26,3,761,57075,0.53
2025-05-26,4,161,11270,0.55
2025-05-26,5,439,30730,0.58
2025-05-26,6,389,29175,0.67
2025-05-26,7,166,13778,0.41
2025-05-26,8,441,37926,0.75
2025-05-27,1,753,33132,0.64
2025-05-27,2,849,70467,0.61
2025-05-27,3,545,26705,0.71
2025-05-27,4,30,1470,0.58
2025-05-27,5,527,34255,0.5
2025-05-27,6,431,19395,0.75
2025-05-27,7,163,10921,0.44
2025-05-27,8,451,38786,0.72
2025-05-28,1,910,76440,0.74
2025-05-28,2,716,44392,0.67
2025-05-28,3,604,31408,0.55
2025-05-28,4,166,8300,0.62
2025-05-28,5,308,15092,0.71
2025-05-28,6,429,18876,0.61
2025-05-28,7,194,12222,0.53
2025-05-28,8,225,10800,0.89
2025-05-29,1,994,62622,0.84
2025-05-29,2,802,67368,0.8
2025-05-29,3,532,46284,0.69
2025-05-29,4,135,11880,0.48
2025-05-29,5,476,28560,0.51
2025-05-29,6,319,20097,0.71
2025-05-29,7,247,11609,0.5
2025-05-29,8,424,22896,0.65
2025-05-30,1,895,41170,0.69
2025-05-30,2,820,34440,0.71
2025-05-30,3,642,31458,0.69
2025-05-30,4,103,4841,0.59
2025-05-30,5,385,33110,0.8
2025-05-30,6,530,46110,0.75
2025-05-30,7,74,4144,0.51
2025-05-30,8,374,20196,0.61
2025-05-31,1,818,58896,0.65
2025-05-31,2,778,35010,0.71
2025-05-31,3,631,42277,0.76
2025-05-31,4,236,20532,0.62
2025-05-31,5,460,26220,0.76
2025-05-31,6,428,29532,0.59
2025-05-31,7,117,4797,0.49
2025-05-31,8,220,16940,0.7
2025-06-01,1,1015,39585,0.68
2025-06-01,2,666,40626,0.67
2025-06-01,3,588,22932,0.8
2025-06-01,4,197,12214,0.4
2025-06-01,5,476,28560,0.73
2025-06-01,6,398,21094,0.7
2025-06-01,7,160,12000,0.63
2025-06-01,8,518,29526,0.75
2025-06-02,1,984,70848,0.72
2025-06-02,2,661,42965,0.77
2025-06-02,3,513,28215,0.62
2025-06-02,4,270,10530,0.52
2025-06-02,5,492,30504,0.68
2025-06-02,6,405,27945,0.72
2025-06-02,7,249,14691,0.58
2025-06-02,8,283,22640,0.69
2025-06-03,1,894,54534,0.78
2025-06-03,2,749,58422,0.68
2025-06-03,3,735,52920,0.57
2025-06-03,4,200,11400,0.57
2025-06-03,5,496,25792,0.69
2025-06-03,6,286,23738,0.55
2025-06-03,7,177,10443,0.48
2025-06-03,8,405,28755,0.79
2025-06-04,1,899,79112,0.7
2025-06-04,2,578,28322,0.73
2025-06-04,3,745,57365,0.65
2025-06-04,4,201,12864,0.36
2025-06-04,5,424,19928,0.75
2025-06-04,6,417,36696,0.71
2025-06-04,7,133,5586,0.57
2025-06-04,8,340,15300,0.65
2025-06-05,1,902,55924,0.78
2025-06-05,2,742,48230,0.57
2025-06-05,3,667,34017,0.73
2025-06-05,4,266,14364,0.49
2025-06-05,5,436,31392,0.67
2025-06-05,6,290,16820,0.83
2025-06-05,7,76,4028,0.48
2025-06-05,8,570,26790,0.65
2025-06-06,1,872,49704,0.79
2025-06-06,2,894,67944,0.72
2025-06-06,3,780,31980,0.72
2025-06-06,4,139,7367,0.38
2025-06-06,5,418,32604,0.77
2025-06-06,6,488,39528,0.67
2025-06-06,7,266,17556,0.62
2025-06-06,8,294,18522,0.8
2025-06-07,1,1100,62700,0.61
2025-06-07,2,817,43301,0.77
2025-06-07,3,616,29568,0.84
2025-06-07,4,278,24186,0.45
2025-06-07,5,338,18590,0.58
2025-06-07,6,513,35397,0.58
2025-06-07,7,82,4838,0.52
2025-06-07,8,388,17072,0.53
2025-06-08,1,1002,70140,0.58
2025-06-08,2,771,64764,0.72
2025-06-08,3,707,47369,0.57
2025-06-08,4,144,11376,0.38
2025-06-08,5,353,31064,0.6
2025-06-08,6,416,20800,0.69
2025-06-08,7,113,4859,0.46
2025-06-08,8,463,38429,0.73
2025-06-09,1,1088,93568,0.66
2025-06-09,2,768,49152,0.77
2025-06-09,3,677,46036,0.62
2025-06-09,4,215,10535,0.48
2025-06-09,5,366,20496,0.55
2025-06-09,6,444,21756,0.77
2025-06-09,7,101,7474,0.56
2025-06-09,8,449,32777,0.88
2025-06-10,1,886,38098,0.6
2025-06-10,2,749,61418,0.68
2025-06-10,3,674,51898,0.67
2025-06-10,4,134,5762,0.54
2025-06-10,5,464,34336,0.68
2025-06-10,6,508,33020,0.78
2025-06-10,7,183,14823,0.34
2025-06-10,8,366,18666,0.69
2025-06-11,1,1004,88352,0.84
2025-06-11,2,823,37858,0.64
2025-06-11,3,721,58401,0.69
2025-06-11,4,231,10857,0.73
2025-06-11,5,299,18239,0.57
2025-06-11,6,366,13908,0.53
2025-06-11,7,116,7192,0.54
2025-06-11,8,301,12642,0.71
2025-06-12,1,1026,61560,0.65
2025-06-12,2,877,66652,0.69
2025-06-12,3,625,23750,0.55
2025-06-12,4,184,10488,0.62
2025-06-12,5,530,24380,0.67
2025-06-12,6,514,38550,0.67
2025-06-12,7,178,12282,0.55
2025-06-12,8,559,25714,0.62
2025-06-13,1,1049,68185,0.76
2025-06-13,2,723,28920,0.72
2025-06-13,3,747,41085,0.68
2025-06-13,4,184,10304,0.34
2025-06-13,5,468,40248,0.65
2025-06-13,6,501,32565,0.65
2025-06-13,7,209,14421,0.47
2025-06-13,8,423,33840,0.64
2025-06-14,1,897,44850,0.62
2025-06-14,2,732,29280,0.74
2025-06-14,3,615,41205,0.7
2025-06-14,4,30,2070,0.61
2025-06-14,5,488,40504,0.71
2025-06-14,6,343,15435,0.66
2025-06-14,7,243,10935,0.38
2025-06-14,8,390,21840,0.73
2025-06-15,1,969,67830,0.73
2025-06-15,2,742,59360,0.6
2025-06-15,3,574,21812,0.64
2025-06-15,4,90,5760,0.49
2025-06-15,5,469,32361,0.66
2025-06-15,6,350,13650,0.54
2025-06-15,7,113,5085,0.73
2025-06-15,8,341,15004,0.76
2025-06-16,1,972,41796,0.65
2025-06-16,2,586,39848,0.72
2025-06-16,3,480,36480,0.75
2025-06-16,4,150,6000,0.45
2025-06-16,5,317,18386,0.53
2025-06-16,6,714,52836,0.58
2025-06-16,7,261,20619,0.63
2025-06-16,8,392,33320,0.83
2025-06-17,1,1116,69192,0.77
2025-06-17,2,748,39644,0.72
2025-06-17,3,806,34658,0.66
2025-06-17,4,238,14756,0.52
2025-06-17,5,431,37066,0.63
2025-06-17,6,461,26277,0.68
2025-06-17,7,78,4446,0.51
2025-06-17,8,503,30180,0.63
2025-06-18,1,878,61460,0.56
2025-06-18,2,627,25080,0.72
2025-06-18,3,639,43452,0.77
2025-06-18,4,221,14365,0.52
2025-06-18,5,395,19355,0.65
2025-06-18,6,401,19649,0.9
2025-06-18,7,111,6993,0.44
2025-06-18,8,358,15394,0.56
2025-06-19,1,957,84216,0.84
2025-06-19,2,669,58203,0.68
2025-06-19,3,577,22503,0.71
2025-06-19,4,307,26095,0.63
2025-06-19,5,363,24684,0.49
2025-06-19,6,501,26553,0.7
2025-06-19,7,187,11781,0.61
2025-06-19,8,428,33384,0.69
2025-06-20,1,995,63680,0.62
2025-06-20,2,771,58596,0.58
2025-06-20,3,626,25040,0.39
2025-06-20,4,100,7500,0.52
2025-06-20,5,392,27048,0.51
2025-06-20,6,423,16497,0.72
2025-06-20,7,100,4200,0.54
2025-06-20,8,407,27676,0.8
2025-06-21,1,1265,99935,0.76
2025-06-21,2,808,31512,0.79
2025-06-21,3,723,49164,0.8
2025-06-21,4,156,8112,0.56
2025-06-21,5,322,24472,0.63
2025-06-21,6,491,32897,0.59
2025-06-21,7,200,16600,0.56
2025-06-21,8,359,29079,0.74
2025-06-22,1,1146,77928,0.63
2025-06-22,2,919,70763,0.54
2025-06-22,3,690,29670,0.81
2025-06-22,4,167,8350,0.47
2025-06-22,5,468,41184,0.77
2025-06-22,6,213,12141,0.82
2025-06-22,7,167,6513,0.61
2025-06-22,8,383,31023,0.74
2025-06-23,1,1263,88410,0.82
2025-06-23,2,901,58565,0.7
2025-06-23,3,700,51100,0.73
2025-06-23,4,196,11564,0.57
2025-06-23,5,447,38889,0.56
2025-06-23,6,462,21714,0.65
2025-06-23,7,250,19000,0.38
2025-06-23,8,363,23958,0.58
2025-06-24,1,1245,107070,0.49
2025-06-24,2,902,69454,0.71
2025-06-24,3,545,23980,0.59
2025-06-24,4,196,8624,0.49
2025-06-24,5,438,22338,0.72
2025-06-24,6,457,25592,0.67
2025-06-24,7,125,8625,0.38
2025-06-24,8,416,32864,0.65
2025-06-25,1,1096,49320,0.8
2025-06-25,2,809,70383,0.7
2025-06-25,3,599,28752,0.7
2025-06-25,4,224,14336,0.43
2025-06-25,5,421,37048,0.59
2025-06-25,6,553,35392,0.85
2025-06-25,7,178,6942,0.44
2025-06-25,8,465,33015,0.72
2025-06-26,1,1082,70330,0.77
2025-06-26,2,992,79360,0.74
2025-06-26,3,697,51578,0.67
2025-06-26,4,286,23738,0.55
2025-06-26,5,466,26096,0.53
2025-06-26,6,283,23206,0.77
2025-06-26,7,98,8330,0.49
2025-06-26,8,393,21615,0.76
2025-06-27,1,1270,59690,0.63
2025-06-27,2,849,43299,0.61
2025-06-27,3,739,56903,0.62
2025-06-27,4,120,10560,0.41
2025-06-27,5,342,19494,0.58
2025-06-27,6,500,31000,0.74
2025-06-27,7,139,6394,0.38
2025-06-27,8,327,16677,0.68
2025-06-28,1,1266,89886,0.75
2025-06-28,2,817,31863,0.79
2025-06-28,3,791,59325,0.71
2025-06-28,4,179,10203,0.66
2025-06-28,5,387,17415,0.46
2025-06-28,6,403,21762,0.54
2025-06-28,7,109,4469,0.46
2025-06-28,8,427,28182,0.5
2025-06-29,1,1151,77117,0.81
2025-06-29,2,845,71825,0.74
2025-06-29,3,756,58968,0.68
2025-06-29,4,113,5876,0.38
2025-06-29,5,383,33704,0.74
2025-06-29,6,458,21068,0.59
2025-06-29,7,138,7314,0.42
2025-06-29,8,491,24550,0.75
2025-06-30,1,1218,53592,0.62
2025-06-30,2,805,34615,0.73
2025-06-30,3,725,47850,0.63
2025-06-30,4,153,11169,0.44
2025-06-30,5,327,21582,0.63
2025-06-30,6,557,26179,0.67
2025-06-30,7,148,12284,0.47
2025-06-30,8,439,37315,0.78
2025-07-01,1,1061,80636,0.83
2025-07-01,2,896,54656,0.66
2025-07-01,3,640,30080,0.68
2025-07-01,4,234,14274,0.56
2025-07-01,5,391,34408,0.78
2025-07-01,6,501,32064,0.8
2025-07-01,7,310,17360,0.56
2025-07-01,8,449,30981,0.83
2025-07-02,1,1281,53802,0.69
2025-07-02,2,902,70356,0.72
2025-07-02,3,715,28600,0.65
2025-07-02,4,148,11692,0.62
2025-07-02,5,529,38088,0.7
2025-07-02,6,377,26013,0.79
2025-07-02,7,99,4851,0.49
2025-07-02,8,409,19223,0.72
2025-07-03,1,1098,49410,0.68
2025-07-03,2,867,63291,0.76
2025-07-03,3,587,37568,0.74
2025-07-03,4,76,2964,0.38
2025-07-03,5,396,32076,0.89
2025-07-03,6,522,41238,0.77
2025-07-03,7,172,11008,0.44
2025-07-03,8,283,19810,0.74
2025-07-04,1,1244,75884,0.89
2025-07-04,2,830,43990,0.68
2025-07-04,3,583,42559,0.67
2025-07-04,4,183,12261,0.51
2025-07-04,5,521,41159,0.66
2025-07-04,6,422,28696,0.69
2025-07-04,7,150,12150,0.57
2025-07-04,8,369,28782,0.74
2025-07-05,1,1220,68320,0.84
2025-07-05,2,992,73408,0.73
2025-07-05,3,689,56498,0.7
2025-07-05,4,216,15768,0.54
2025-07-05,5,573,29223,0.69
2025-07-05,6,275,15950,0.56
2025-07-05,7,293,22854,0.38
2025-07-05,8,411,27126,0.82
2025-07-06,1,1171,67918,0.81
2025-07-06,2,829,63004,0.76
2025-07-06,3,581,26726,0.85
2025-07-06,4,184,12512,0.51
2025-07-06,5,430,21070,0.69
2025-07-06,6,283,23489,0.78
2025-07-06,7,83,3569,0.52
2025-07-06,8,445,18690,0.58
2025-07-07,1,1033,82640,0.65
2025-07-07,2,838,51956,0.7
2025-07-07,3,693,33957,0.62
2025-07-07,4,260,9880,0.39
2025-07-07,5,471,23550,0.74
2025-07-07,6,370,14430,0.71
2025-07-07,7,164,13612,0.39
2025-07-07,8,399,30723,0.72
2025-07-08,1,1091,56732,0.59
2025-07-08,2,883,53863,0.78
2025-07-08,3,745,61835,0.71
2025-07-08,4,173,8650,0.46
2025-07-08,5,526,23670,0.68
2025-07-08,6,486,33534,0.61
2025-07-08,7,181,15385,0.56
2025-07-08,8,315,23310,0.64
2025-07-09,1,1232,104720,0.79
2025-07-09,2,898,46696,0.78
2025-07-09,3,700,57400,0.8
2025-07-09,4,94,6862,0.51
2025-07-09,5,306,12546,0.54
2025-07-09,6,367,20185,0.76
2025-07-09,7,76,6384,0.61
2025-07-09,8,479,34488,0.68
2025-07-10,1,1109,43251,0.83
2025-07-10,2,928,76096,0.69
2025-07-10,3,633,33549,0.7
2025-07-10,4,209,8778,0.58
2025-07-10,5,396,26928,0.66
2025-07-10,6,404,31512,0.7
2025-07-10,7,290,15370,0.45
2025-07-10,8,463,27317,0.73
2025-07-11,1,1256,89176,0.56
2025-07-11,2,924,80388,0.51
2025-07-11,3,594,26136,0.64
2025-07-11,4,117,5031,0.44
2025-07-11,5,585,36270,0.66
2025-07-11,6,363,15246,0.83
2025-07-11,7,163,10758,0.48
2025-07-11,8,516,33540,0.73
2025-07-12,1,1290,94170,0.74
2025-07-12,2,1013,63819,0.74
2025-07-12,3,763,39676,0.77
2025-07-12,4,274,21098,0.4
2025-07-12,5,493,43384,0.7
2025-07-12,6,326,14344,0.74
2025-07-12,7,64,5632,0.67
2025-07-12,8,509,38175,0.71
2025-07-13,1,1199,91124,0.72
2025-07-13,2,852,42600,0.59
2025-07-13,3,692,48440,0.67
2025-07-13,4,184,15456,0.59
2025-07-13,5,385,17710,0.65
2025-07-13,6,427,24339,0.66
2025-07-13,7,80,6320,0.46
2025-07-13,8,421,30312,0.62
2025-07-14,1,1194,68058,0.65
2025-07-14,2,825,31350,0.65
2025-07-14,3,550,25850,0.68
2025-07-14,4,270,19710,0.54
2025-07-14,5,469,23450,0.63
2025-07-14,6,526,26300,0.67
2025-07-14,7,173,13840,0.44
2025-07-14,8,306,20502,0.71
2025-07-15,1,1133,84975,0.65
2025-07-15,2,812,46284,0.66
2025-07-15,3,621,41607,0.71
2025-07-15,4,304,20976,0.39
2025-07-15,5,421,21892,0.7
2025-07-15,6,390,19890,0.61
2025-07-15,7,166,9794,0.64
2025-07-15,8,445,28035,0.62
2025-07-16,1,1278,77958,0.91
2025-07-16,2,923,45227,0.7
2025-07-16,3,771,47802,0.71
2025-07-16,4,445,28925,0.47
2025-07-16,5,323,12920,0.74
2025-07-16,6,320,22080,0.68
2025-07-16,7,94,4606,0.58
2025-07-16,8,389,19450,0.65
2025-07-17,1,1208,79728,0.72
2025-07-17,2,821,32840,0.68
2025-07-17,3,557,36205,0.71
2025-07-17,4,111,6771,0.54
2025-07-17,5,441,27342,0.62
2025-07-17,6,500,27000,0.7
2025-07-17,7,115,4945,0.45
2025-07-17,8,395,28440,0.78
2025-07-18,1,1105,57460,0.58
2025-07-18,2,898,35920,0.71
2025-07-18,3,595,48195,0.67
2025-07-18,4,156,13572,0.57
2025-07-18,5,395,32785,0.63
2025-07-18,6,387,33282,0.66
2025-07-18,7,138,7452,0.41
2025-07-18,8,483,28980,0.69
2025-07-19,1,1203,75789,0.61
2025-07-19,2,930,35340,0.57
2025-07-19,3,571,49106,0.71
2025-07-19,4,330,17160,0.46
2025-07-19,5,438,29784,0.82
2025-07-19,6,430,31390,0.8
2025-07-19,7,164,10988,0.38
2025-07-19,8,402,20100,0.72
2025-07-20,1,1026,65664,0.77
2025-07-20,2,895,65335,0.77
2025-07-20,3,700,32200,0.7
2025-07-20,4,145,10005,0.63
2025-07-20,5,472,27848,0.55
2025-07-20,6,432,37152,0.77
2025-07-20,7,51,3672,0.59
2025-07-20,8,389,28786,0.79
2025-07-21,1,1224,57528,0.51
2025-07-21,2,1113,82362,0.65
2025-07-21,3,590,44840,0.61
2025-07-21,4,120,7440,0.47
2025-07-21,5,441,31752,0.77
2025-07-21,6,355,20945,0.75
2025-07-21,7,83,4731,0.47
2025-07-21,8,449,32777,0.71
2025-07-22,1,1249,94924,0.82
2025-07-22,2,826,34692,0.69
2025-07-22,3,722,36822,0.65
2025-07-22,4,198,8316,0.63
2025-07-22,5,350,13300,0.71
2025-07-22,6,490,31360,0.83
2025-07-22,7,30,1380,0.66
2025-07-22,8,336,14112,0.67
2025-07-23,1,1063,54213,0.8
2025-07-23,2,912,75696,0.67
2025-07-23,3,752,52640,0.65
2025-07-23,4,105,3990,0.6
2025-07-23,5,310,22010,0.78
2025-07-23,6,505,33835,0.67
2025-07-23,7,121,8107,0.67
2025-07-23,8,538,30666,0.57
2025-07-24,1,1146,88242,0.72
2025-07-24,2,866,69280,0.6
2025-07-24,3,699,44037,0.78
2025-07-24,4,180,8640,0.49
2025-07-24,5,404,22624,0.8
2025-07-24,6,406,34104,0.66
2025-07-24,7,149,10281,0.45
2025-07-24,8,312,14040,0.76
2025-07-25,1,1217,53548,0.69
2025-07-25,2,744,47616,0.69
2025-07-25,3,605,42350,0.71
2025-07-25,4,203,15834,0.52
2025-07-25,5,377,23374,0.56
2025-07-25,6,377,18850,0.76
2025-07-25,7,149,6705,0.52
2025-07-25,8,409,32720,0.65
2025-07-26,1,1186,49812,0.6
2025-07-26,2,970,80510,0.75
2025-07-26,3,699,38445,0.68
2025-07-26,4,212,8268,0.47
2025-07-26,5,383,17235,0.66
2025-07-26,6,347,14574,0.67
2025-07-26,7,153,8415,0.5
2025-07-26,8,460,23460,0.75
2025-07-27,1,1152,82944,0.53
2025-07-27,2,899,70122,0.81
2025-07-27,3,700,58100,0.58
2025-07-27,4,168,13776,0.48
2025-07-27,5,411,15618,0.71
2025-07-27,6,489,24450,0.71
2025-07-27,7,223,11819,0.48
2025-07-27,8,424,16536,0.7
2025-07-28,1,1255,62750,0.69
2025-07-28,2,863,37972,0.66
2025-07-28,3,701,33648,0.55
2025-07-28,4,183,12810,0.49
2025-07-28,5,472,34456,0.73
2025-07-28,6,346,24912,0.61
2025-07-28,7,95,4940,0.56
2025-07-28,8,435,21315,0.76
2025-07-29,1,1296,49248,0.7
2025-07-29,2,811,34062,0.75
2025-07-29,3,626,48202,0.64
2025-07-29,4,168,8568,0.53
2025-07-29,5,311,21459,0.76
2025-07-29,6,454,32688,0.69
2025-07-29,7,201,14874,0.34
2025-07-29,8,509,38684,0.87
2025-07-30,1,1139,70618,0.79
2025-07-30,2,1039,68574,0.71
2025-07-30,3,695,47955,0.71
2025-07-30,4,108,7668,0.4
2025-07-30,5,391,31671,0.64
2025-07-30,6,451,19393,0.73
2025-07-30,7,108,7992,0.47
2025-07-30,8,380,33440,0.71
2025-07-31,1,1166,85118,0.75
2025-07-31,2,852,39192,0.67
2025-07-31,3,649,32450,0.64
2025-07-31,4,336,28224,0.51
2025-07-31,5,406,25984,0.6
2025-07-31,6,605,36905,0.61
2025-07-31,7,110,8250,0.56
2025-07-31,8,560,25200,0.76
2025-08-01,1,1114,55700,0.76
2025-08-01,2,890,77430,0.49
2025-08-01,3,762,53340,0.62
2025-08-01,4,160,9760,0.4
2025-08-01,5,384,24960,0.58
2025-08-01,6,414,16560,0.63
2025-08-01,7,220,18260,0.47
2025-08-01,8,368,29072,0.58
2025-08-02,1,1248,101088,0.78
2025-08-02,2,908,68100,0.74
2025-08-02,3,797,30286,0.64
2025-08-02,4,211,17513,0.53
2025-08-02,5,485,36375,0.65
2025-08-02,6,450,22500,0.68
2025-08-02,7,190,12350,0.48
2025-08-02,8,418,30096,0.76
2025-08-03,1,1147,65379,0.62
2025-08-03,2,862,72408,0.56
2025-08-03,3,684,50616,0.66
2025-08-03,4,198,9306,0.44
2025-08-03,5,413,35105,0.74
2025-08-03,6,368,17664,0.73
2025-08-03,7,160,6720,0.51
2025-08-03,8,431,27584,0.61
2025-08-04,1,1118,53664,0.58
2025-08-04,2,896,41216,0.74
2025-08-04,3,675,30375,0.74
2025-08-04,4,56,2744,0.55
2025-08-04,5,457,39302,0.82
2025-08-04,6,496,31744,0.9
2025-08-04,7,30,1320,0.57
2025-08-04,8,450,25200,0.65
2025-08-05,1,1220,51240,0.71
2025-08-05,2,820,55760,0.78
2025-08-05,3,533,20254,0.7
2025-08-05,4,303,11514,0.56
2025-08-05,5,352,14080,0.57
2025-08-05,6,494,18772,0.75
2025-08-05,7,93,7998,0.58
2025-08-05,8,411,35346,0.78
2025-08-06,1,1146,69906,0.76
2025-08-06,2,812,43036,0.8
2025-08-06,3,503,29677,0.55
2025-08-06,4,181,11403,0.48
2025-08-06,5,457,32447,0.7
2025-08-06,6,534,28302,0.61
2025-08-06,7,220,17600,0.44
2025-08-06,8,622,36076,0.77
2025-08-07,1,1307,105867,0.67
2025-08-07,2,778,49014,0.73
2025-08-07,3,650,39000,0.55
2025-08-07,4,31,2108,0.59
2025-08-07,5,567,24948,0.68
2025-08-07,6,413,20650,0.62
2025-08-07,7,122,9028,0.35
2025-08-07,8,445,17800,0.57
2025-08-08,1,1280,72960,0.79
2025-08-08,2,999,66933,0.46
2025-08-08,3,700,31500,0.77
2025-08-08,4,94,4982,0.52
2025-08-08,5,449,35920,0.82
2025-08-08,6,409,33947,0.65
2025-08-08,7,328,19024,0.54
2025-08-08,8,524,27248,0.61
2025-08-09,1,1166,93280,0.57
2025-08-09,2,903,65016,0.72
2025-08-09,3,601,52888,0.62
2025-08-09,4,132,9768,0.36
2025-08-09,5,430,33970,0.58
2025-08-09,6,328,27880,0.84
2025-08-09,7,151,11929,0.43
2025-08-09,8,462,30030,0.49
2025-08-10,1,1729,77805,0.64
2025-08-10,2,865,51035,0.73
2025-08-10,3,649,55165,0.5
2025-08-10,4,278,12788,0.47
2025-08-10,5,532,39368,0.53
2025-08-10,6,414,31050,0.62
2025-08-10,7,30,1950,0.48
2025-08-10,8,389,31509,0.76
2025-08-11,1,1745,139600,0.67
2025-08-11,2,832,52416,0.66
2025-08-11,3,806,46748,0.7
2025-08-11,4,297,15444,0.66
2025-08-11,5,337,25612,0.69
2025-08-11,6,394,32308,0.82
2025-08-11,7,222,15540,0.53
2025-08-11,8,458,38014,0.69
2025-08-12,1,1615,82365,0.64
2025-08-12,2,758,46996,0.69
2025-08-12,3,787,36989,0.74
2025-08-12,4,211,17724,0.46
2025-08-12,5,469,39865,0.67
2025-08-12,6,562,27538,0.74
2025-08-12,7,233,13281,0.41
2025-08-12,8,529,25392,0.68
2025-08-13,1,1804,106436,0.68
2025-08-13,2,921,42366,0.63
2025-08-13,3,500,25500,0.71
2025-08-13,4,34,2754,0.67
2025-08-13,5,381,32004,0.71
2025-08-13,6,531,22833,0.68
2025-08-13,7,54,2808,0.37
2025-08-13,8,401,18446,0.63
2025-08-14,1,1683,126225,0.68
2025-08-14,2,740,58460,0.65
2025-08-14,3,749,59920,0.78
2025-08-14,4,225,17100,0.48
2025-08-14,5,417,27522,0.68
2025-08-14,6,431,19826,0.65
2025-08-14,7,61,2623,0.46
2025-08-14,8,284,11360,0.63
2025-08-15,1,1743,99351,0.71
2025-08-15,2,813,52845,0.77
2025-08-15,3,768,40704,0.67
2025-08-15,4,130,9230,0.69
2025-08-15,5,471,33912,0.65
2025-08-15,6,327,26814,0.73
2025-08-15,7,94,5640,0.67
2025-08-15,8,349,28618,0.63
2025-08-16,1,1822,96566,0.78
2025-08-16,2,915,46665,0.7
2025-08-16,3,758,38658,0.66
2025-08-16,4,136,11424,0.47
2025-08-16,5,398,21492,0.67
2025-08-16,6,412,19776,0.81
2025-08-16,7,133,7182,0.53
2025-08-16,8,340,15980,0.52
2025-08-17,1,1682,141288,0.68
2025-08-17,2,862,68098,0.8
2025-08-17,3,685,54800,0.76
2025-08-17,4,133,6384,0.43
2025-08-17,5,382,33616,0.71
2025-08-17,6,404,30704,0.7
2025-08-17,7,159,11448,0.57
2025-08-17,8,492,20664,0.75
2025-08-18,1,1694,99946,0.72
2025-08-18,2,882,45864,0.65
2025-08-18,3,654,34008,0.73
2025-08-18,4,161,7245,0.54
2025-08-18,5,474,27018,0.81
2025-08-18,6,304,13376,0.61
2025-08-18,7,43,2408,0.49
2025-08-18,8,322,13202,0.66
2025-08-19,1,1796,111352,0.86
2025-08-19,2,932,75492,0.82
2025-08-19,3,750,57000,0.67
2025-08-19,4,243,18225,0.46
2025-08-19,5,427,29890,0.7
2025-08-19,6,394,18518,0.58
2025-08-19,7,69,2829,0.6
2025-08-19,8,513,31293,0.63
2025-08-20,1,1695,128820,0.63
2025-08-20,2,915,54900,0.72
2025-08-20,3,746,61918,0.66
2025-08-20,4,93,7254,0.63
2025-08-20,5,438,34164,0.54
2025-08-20,6,478,22944,0.66
2025-08-20,7,76,2888,0.48
2025-08-20,8,401,33684,0.75
2025-08-21,1,1866,153012,0.69
2025-08-21,2,883,44150,0.7
2025-08-21,3,765,63495,0.62
2025-08-21,4,104,6240,0.55
2025-08-21,5,424,30104,0.82
2025-08-21,6,411,27126,0.67
2025-08-21,7,268,23048,0.48
2025-08-21,8,367,15414,0.68
2025-08-22,1,1683,100980,0.72
2025-08-22,2,950,58900,0.67
2025-08-22,3,755,44545,0.88
2025-08-22,4,235,16920,0.48
2025-08-22,5,507,28392,0.56
2025-08-22,6,400,20400,0.75
2025-08-22,7,264,16632,0.51
2025-08-22,8,432,34128,0.76
2025-08-23,1,1552,103984,0.67
2025-08-23,2,988,40508,0.59
2025-08-23,3,596,35164,0.78
2025-08-23,4,176,10560,0.55
2025-08-23,5,457,27420,0.66
2025-08-23,6,499,24950,0.69
2025-08-23,7,236,11092,0.56
2025-08-23,8,279,10602,0.78
2025-08-24,1,1771,92092,0.79
2025-08-24,2,803,48983,0.7
2025-08-24,3,617,33935,0.71
2025-08-24,4,249,16434,0.56
2025-08-24,5,456,29640,0.75
2025-08-24,6,575,47725,0.7
2025-08-24,7,173,6920,0.56
2025-08-24,8,472,27848,0.75
2025-08-25,1,1746,87300,0.66
2025-08-25,2,1055,58025,0.63
2025-08-25,3,723,49887,0.75
2025-08-25,4,223,12934,0.39
2025-08-25,5,420,26460,0.55
2025-08-25,6,249,15438,0.69
2025-08-25,7,286,25168,0.66
2025-08-25,8,463,32410,0.7
2025-08-26,1,1823,74743,0.7
2025-08-26,2,845,64220,0.62
2025-08-26,3,653,36568,0.6
2025-08-26,4,180,11700,0.54
2025-08-26,5,420,29400,0.74
2025-08-26,6,443,19935,0.75
2025-08-26,7,316,16748,0.34
2025-08-26,8,380,25840,0.62
2025-08-27,1,1673,137186,0.55
2025-08-27,2,1047,68055,0.68
2025-08-27,3,733,30053,0.72
2025-08-27,4,151,8456,0.45
2025-08-27,5,367,16882,0.56
2025-08-27,6,450,35100,0.71
2025-08-27,7,255,14535,0.47
2025-08-27,8,428,31244,0.54
2025-08-28,1,1721,94655,0.64
2025-08-28,2,862,34480,0.65
2025-08-28,3,685,56170,0.68
2025-08-28,4,237,16353,0.65
2025-08-28,5,359,15078,0.54
2025-08-28,6,483,29946,0.8
2025-08-28,7,89,6764,0.48
2025-08-28,8,413,19824,0.74
2025-08-29,1,1619,61522,0.64
2025-08-29,2,850,48450,0.6
2025-08-29,3,635,30480,0.59
2025-08-29,4,126,9828,0.5
2025-08-29,5,473,41624,0.66
2025-08-29,6,644,32844,0.66
2025-08-29,7,95,5795,0.42
2025-08-29,8,566,30564,0.64
2025-08-30,1,1760,72160,0.65
2025-08-30,2,867,52020,0.68
2025-08-30,3,697,34153,0.89
2025-08-30,4,186,14880,0.52
2025-08-30,5,549,47763,0.67
2025-08-30,6,315,25830,0.63
2025-08-30,7,77,6006,0.59
2025-08-30,8,356,23496,0.61
2025-08-31,1,1720,129000,0.75
2025-08-31,2,773,48699,0.57
2025-08-31,3,690,57960,0.74
2025-08-31,4,148,10064,0.53
2025-08-31,5,459,22491,0.72
2025-08-31,6,438,32412,0.64
2025-08-31,7,37,2923,0.52
2025-08-31,8,407,19943,0.76
2025-09-01,1,1757,87850,0.58
2025-09-01,2,901,47753,0.7
2025-09-01,3,556,35028,0.72
2025-09-01,4,261,21924,0.57
2025-09-01,5,420,18480,0.68
2025-09-01,6,408,15504,0.7
2025-09-01,7,167,6680,0.4
2025-09-01,8,506,27830,0.79
2025-09-02,1,1775,67450,0.78
2025-09-02,2,877,77176,0.68
2025-09-02,3,756,44604,0.77
2025-09-02,4,206,9476,0.48
2025-09-02,5,324,21384,0.7
2025-09-02,6,445,30260,0.63
2025-09-02,7,172,14104,0.53
2025-09-02,8,409,15951,0.79
2025-09-03,1,1725,96600,0.66
2025-09-03,2,968,45496,0.75
2025-09-03,3,622,49138,0.71
2025-09-03,4,351,21762,0.46
2025-09-03,5,190,9880,0.7
2025-09-03,6,531,22302,0.66
2025-09-03,7,239,11711,0.44
2025-09-03,8,449,36369,0.54
2025-09-04,1,1665,99900,0.83
2025-09-04,2,917,63273,0.65
2025-09-04,3,568,47144,0.53
2025-09-04,4,227,10669,0.38
2025-09-04,5,427,20069,0.65
2025-09-04,6,327,28776,0.77
2025-09-04,7,294,13230,0.49
2025-09-04,8,252,13860,0.59
2025-09-05,1,1750,80500,0.75
2025-09-05,2,905,52490,0.76
2025-09-05,3,574,36736,0.69
2025-09-05,4,101,4646,0.44
2025-09-05,5,455,24115,0.58
2025-09-05,6,349,25128,0.76
2025-09-05,7,67,3484,0.49
2025-09-05,8,345,22080,0.76
2025-09-06,1,1582,134470,0.67
2025-09-06,2,881,53741,0.72
2025-09-06,3,899,35061,0.69
2025-09-06,4,132,6072,0.58
2025-09-06,5,443,26580,0.68
2025-09-06,6,326,28362,0.81
2025-09-06,7,184,8648,0.45
2025-09-06,8,468,29952,0.6
2025-09-07,1,1716,70356,0.84
2025-09-07,2,874,71668,0.65
2025-09-07,3,639,24921,0.62
2025-09-07,4,161,6601,0.43
2025-09-07,5,386,16212,0.58
2025-09-07,6,320,15360,0.71
2025-09-07,7,228,9804,0.52
2025-09-07,8,420,26880,0.7
2025-09-08,1,1738,147730,0.73
2025-09-08,2,933,53181,0.77
2025-09-08,3,542,35772,0.71
2025-09-08,4,209,11704,0.39
2025-09-08,5,440,34760,0.71
2025-09-08,6,542,37940,0.72
2025-09-08,7,198,12870,0.58
2025-09-08,8,354,25842,0.54
2025-09-09,1,1696,125504,0.63
2025-09-09,2,757,49205,0.69
2025-09-09,3,714,30702,0.66
2025-09-09,4,30,1380,0.48
2025-09-09,5,416,17056,0.61
2025-09-09,6,429,36465,0.74
2025-09-09,7,259,10878,0.49
2025-09-09,8,454,26332,0.61
2025-09-10,1,1666,103292,0.62
2025-09-10,2,877,38588,0.74
2025-09-10,3,639,56232,0.68
2025-09-10,4,188,8648,0.38
2025-09-10,5,270,10800,0.71
2025-09-10,6,495,34650,0.79
2025-09-10,7,178,14774,0.5
2025-09-10,8,547,31179,0.7
2025-09-11,1,1647,69174,0.66
2025-09-11,2,930,50220,0.81
2025-09-11,3,867,74562,0.67
2025-09-11,4,264,12144,0.43
2025-09-11,5,606,41814,0.61
2025-09-11,6,563,35469,0.73
2025-09-11,7,70,5670,0.57
2025-09-11,8,469,36113,0.75
2025-09-12,1,1779,144099,0.67
2025-09-12,2,804,65124,0.74
2025-09-12,3,859,35219,0.75
2025-09-12,4,184,13432,0.45
2025-09-12,5,566,31696,0.7
2025-09-12,6,350,14700,0.76
2025-09-12,7,184,14720,0.67
2025-09-12,8,489,38631,0.74
2025-09-13,1,1574,69256,0.66
2025-09-13,2,979,61677,0.76
2025-09-13,3,665,39235,0.64
2025-09-13,4,250,19000,0.54
2025-09-13,5,303,20604,0.7
2025-09-13,6,482,34704,0.75
2025-09-13,7,205,15990,0.58
2025-09-13,8,442,33592,0.79
2025-09-14,1,1714,104554,0.66
2025-09-14,2,926,47226,0.48
2025-09-14,3,802,68972,0.74
2025-09-14,4,163,12714,0.45
2025-09-14,5,438,24090,0.73
2025-09-14,6,367,30461,0.73
2025-09-14,7,83,4233,0.54
2025-09-14,8,391,16031,0.64
2025-09-15,1,1845,108855,0.78
2025-09-15,2,936,46800,0.67
2025-09-15,3,614,41752,0.76
2025-09-15,4,59,4838,0.48
2025-09-15,5,267,19758,0.76
2025-09-15,6,411,36168,0.7
2025-09-15,7,197,16548,0.48
2025-09-15,8,368,21344,0.59
2025-09-16,1,1638,137592,0.56
2025-09-16,2,869,50402,0.56
2025-09-16,3,819,38493,0.71
2025-09-16,4,121,10648,0.51
2025-09-16,5,495,35145,0.67
2025-09-16,6,381,17526,0.46
2025-09-16,7,87,6525,0.42
2025-09-16,8,463,23150,0.72
2025-09-17,1,1627,78096,0.74
2025-09-17,2,843,42150,0.79
2025-09-17,3,611,34827,0.75
2025-09-17,4,133,10906,0.34
2025-09-17,5,360,25920,0.73
2025-09-17,6,511,22995,0.77
2025-09-17,7,203,14616,0.61
2025-09-17,8,444,36408,0.64
2025-09-18,1,1585,69740,0.56
2025-09-18,2,1010,44440,0.69
2025-09-18,3,671,42944,0.7
2025-09-18,4,286,22022,0.59
2025-09-18,5,450,29700,0.67
2025-09-18,6,284,22720,0.69
2025-09-18,7,138,7176,0.59
2025-09-18,8,435,19575,0.59
2025-09-19,1,1738,78210,0.77
2025-09-19,2,796,53332,0.8
2025-09-19,3,541,44903,0.77
2025-09-19,4,203,12383,0.43
2025-09-19,5,437,24035,0.6
2025-09-19,6,462,40656,0.65
2025-09-19,7,252,9576,0.45
2025-09-19,8,482,18316,0.64
2025-09-20,1,1840,130640,0.71
2025-09-20,2,918,54162,0.59
2025-09-20,3,706,45890,0.78
2025-09-20,4,197,9850,0.73
2025-09-20,5,364,14924,0.64
2025-09-20,6,451,20746,0.59
2025-09-20,7,227,19068,0.48
2025-09-20,8,494,35074,0.84
2025-09-21,1,1739,144337,0.74
2025-09-21,2,903,70434,0.6
2025-09-21,3,593,50998,0.65
2025-09-21,4,146,10658,0.47
2025-09-21,5,455,19565,0.75
2025-09-21,6,487,37986,0.74
2025-09-21,7,163,12551,0.46
2025-09-21,8,375,16125,0.52
2025-09-22,1,1694,142296,0.68
2025-09-22,2,931,72618,0.75
2025-09-22,3,668,52772,0.64
2025-09-22,4,237,17064,0.47
2025-09-22,5,484,42592,0.58
2025-09-22,6,378,15498,0.73
2025-09-22,7,131,10218,0.69
2025-09-22,8,634,27896,0.72
2025-09-23,1,1841,82845,0.81
2025-09-23,2,922,45178,0.73
2025-09-23,3,733,44713,0.74
2025-09-23,4,230,10120,0.48
2025-09-23,5,404,16968,0.69
2025-09-23,6,315,16065,0.7
2025-09-23,7,130,7540,0.44
2025-09-23,8,365,17520,0.62
2025-09-24,1,1714,83986,0.7
2025-09-24,2,818,36810,0.68
2025-09-24,3,680,55760,0.72
2025-09-24,4,30,1500,0.59
2025-09-24,5,503,33198,0.66
2025-09-24,6,454,18160,0.61
2025-09-24,7,186,16368,0.57
2025-09-24,8,380,33440,0.77
2025-09-25,1,1820,76440,0.58
2025-09-25,2,778,63018,0.64
2025-09-25,3,662,38396,0.62
2025-09-25,4,194,13386,0.53
2025-09-25,5,191,12224,0.69
2025-09-25,6,480,36480,0.75
2025-09-25,7,124,9176,0.58
2025-09-25,8,434,38192,0.69
2025-09-26,1,1847,123749,0.5
2025-09-26,2,844,53172,0.84
2025-09-26,3,750,53250,0.71
2025-09-26,4,291,12222,0.54
2025-09-26,5,281,17984,0.72
2025-09-26,6,409,35174,0.63
2025-09-26,7,141,12267,0.54
2025-09-26,8,380,23940,0.79
2025-09-27,1,1645,113505,0.91
2025-09-27,2,988,44460,0.52
2025-09-27,3,757,33308,0.53
2025-09-27,4,210,7980,0.51
2025-09-27,5,573,46986,0.88
2025-09-27,6,411,17673,0.63
2025-09-27,7,216,13176,0.67
2025-09-27,8,457,17366,0.6
2025-09-28,1,1848,99792,0.63
2025-09-28,2,936,50544,0.71
2025-09-28,3,555,30525,0.59
2025-09-28,4,154,8932,0.49
2025-09-28,5,293,18752,0.61
2025-09-28,6,486,35964,0.76
2025-09-28,7,97,8439,0.51
2025-09-28,8,527,43741,0.76
2025-09-29,1,1567,125360,0.63
2025-09-29,2,786,64452,0.56
2025-09-29,3,836,34276,0.79
2025-09-29,4,213,14271,0.63
2025-09-29,5,440,19360,0.64
2025-09-29,6,345,29670,0.81
2025-09-29,7,30,2580,0.48
2025-09-29,8,530,41870,0.65
2025-09-30,1,1760,80960,0.77
2025-09-30,2,888,58608,0.76
2025-09-30,3,720,62640,0.62
2025-09-30,4,164,10660,0.53
2025-09-30,5,452,33448,0.75
2025-09-30,6,394,17336,0.65
2025-09-30,7,156,10452,0.45
2025-09-30,8,426,34080,0.71
2025-10-01,1,1641,73845,0.68
2025-10-01,2,861,43911,0.75
2025-10-01,3,619,37759,0.76
2025-10-01,4,249,16185,0.53
2025-10-01,5,343,23667,0.64
2025-10-01,6,415,32785,0.69
2025-10-01,7,177,9735,0.52
2025-10-01,8,512,26624,0.78
2025-10-02,1,1683,141372,0.71
2025-10-02,2,926,63894,0.58
2025-10-02,3,696,41760,0.83
2025-10-02,4,110,6160,0.42
2025-10-02,5,416,29120,0.65
2025-10-02,6,507,43095,0.63
2025-10-02,7,102,5406,0.67
2025-10-02,8,474,22752,0.8
2025-10-03,1,1771,83237,0.85
2025-10-03,2,982,63830,0.66
2025-10-03,3,636,34344,0.73
2025-10-03,4,220,18920,0.48
2025-10-03,5,480,32640,0.6
2025-10-03,6,344,18232,0.64
2025-10-03,7,135,5265,0.51
2025-10-03,8,211,10972,0.59
2025-10-04,1,1665,78255,0.68
2025-10-04,2,880,74800,0.65
2025-10-04,3,615,36900,0.77
2025-10-04,4,244,16836,0.51
2025-10-04,5,418,25080,0.78
2025-10-04,6,398,28258,0.76
2025-10-04,7,181,13756,0.35
2025-10-04,8,360,25560,0.7
2025-10-05,1,1707,109248,0.67
2025-10-05,2,943,44321,0.6
2025-10-05,3,648,47952,0.71
2025-10-05,4,175,10675,0.34
2025-10-05,5,428,26536,0.72
2025-10-05,6,294,22932,0.53
2025-10-05,7,88,5808,0.36
2025-10-05,8,572,28028,0.68
2025-10-06,1,1699,100241,0.81
2025-10-06,2,814,44770,0.74
2025-10-06,3,652,46292,0.71
2025-10-06,4,144,6480,0.37
2025-10-06,5,344,30272,0.73
2025-10-06,6,436,16568,0.63
2025-10-06,7,44,2948,0.51
2025-10-06,8,381,21336,0.6
2025-10-07,1,1631,92967,0.61
2025-10-07,2,847,47432,0.69
2025-10-07,3,681,38136,0.69
2025-10-07,4,204,14076,0.47
2025-10-07,5,392,31360,0.77
2025-10-07,6,432,19872,0.67
2025-10-07,7,122,8540,0.56
2025-10-07,8,354,16638,0.57
2025-10-08,1,1823,85681,0.65
2025-10-08,2,817,35948,0.74
2025-10-08,3,672,49056,0.73
2025-10-08,4,239,13862,0.58
2025-10-08,5,495,42570,0.67
2025-10-08,6,422,26586,0.61
2025-10-08,7,141,7896,0.54
2025-10-08,8,238,10948,0.61
2025-10-09,1,1710,129960,0.69
2025-10-09,2,941,49873,0.62
2025-10-09,3,684,47880,0.78
2025-10-09,4,163,7335,0.52
2025-10-09,5,393,19257,0.78
2025-10-09,6,481,34632,0.55
2025-10-09,7,151,9966,0.62
2025-10-09,8,485,31525,0.6
2025-10-10,1,1719,80793,0.7
2025-10-10,2,920,44160,0.58
2025-10-10,3,543,27150,0.68
2025-10-10,4,125,10000,0.52
2025-10-10,5,500,30500,0.75
2025-10-10,6,383,31406,0.62
2025-10-10,7,184,11960,0.43
2025-10-10,8,456,20520,0.74
2025-10-11,1,1699,96843,0.69
2025-10-11,2,981,78480,0.71
2025-10-11,3,643,38580,0.67
2025-10-11,4,269,22596,0.49
2025-10-11,5,410,19680,0.69
2025-10-11,6,327,22890,0.81
2025-10-11,7,197,13987,0.68
2025-10-11,8,399,31521,0.71
2025-10-12,1,1773,131202,0.79
2025-10-12,2,811,71368,0.8
2025-10-12,3,743,59440,0.8
2025-10-12,4,162,12798,0.59
2025-10-12,5,228,17328,0.71
2025-10-12,6,366,25620,0.6
2025-10-12,7,172,7912,0.41
2025-10-12,8,387,29025,0.59
2025-10-13,1,1649,103887,0.78
2025-10-13,2,891,74844,0.7
2025-10-13,3,678,29832,0.72
2025-10-13,4,74,4292,0.51
2025-10-13,5,433,36372,0.46
2025-10-13,6,430,21070,0.65
2025-10-13,7,148,9472,0.43
2025-10-13,8,443,23922,0.68
2025-10-14,1,1819,76398,0.79
2025-10-14,2,807,62946,0.72
2025-10-14,3,751,43558,0.54
2025-10-14,4,251,11546,0.56
2025-10-14,5,517,25850,0.68
2025-10-14,6,449,36369,0.78
2025-10-14,7,147,7056,0.56
2025-10-14,8,335,29480,0.73
2025-10-15,1,1745,136110,0.79
2025-10-15,2,866,39836,0.75
2025-10-15,3,523,30857,0.62
2025-10-15,4,298,23542,0.46
2025-10-15,5,343,20580,0.65
2025-10-15,6,546,22932,0.59
2025-10-15,7,122,8662,0.49
2025-10-15,8,455,18655,0.63
2025-10-16,1,1736,93744,0.63
2025-10-16,2,820,39360,0.74
2025-10-16,3,688,50912,0.68
2025-10-16,4,192,14784,0.61
2025-10-16,5,344,14104,0.69
2025-10-16,6,268,20100,0.64
2025-10-16,7,30,1620,0.54
2025-10-16,8,409,26176,0.67
2025-10-17,1,1705,146630,0.76
2025-10-17,2,922,77448,0.71
2025-10-17,3,599,24559,0.81
2025-10-17,4,189,13986,0.54
2025-10-17,5,516,44376,0.62
2025-10-17,6,444,18648,0.62
2025-10-17,7,254,19558,0.48
2025-10-17,8,561,38148,0.62
2025-10-18,1,1766,70640,0.67
2025-10-18,2,944,49088,0.75
2025-10-18,3,613,34941,0.62
2025-10-18,4,217,11284,0.35
2025-10-18,5,445,38715,0.69
2025-10-18,6,429,32604,0.64
2025-10-18,7,230,19550,0.42
2025-10-18,8,505,31310,0.7
2025-10-19,1,1721,111865,0.57
2025-10-19,2,846,38070,0.59
2025-10-19,3,512,31232,0.75
2025-10-19,4,146,5986,0.57
2025-10-19,5,422,16036,0.73
2025-10-19,6,437,38456,0.82
2025-10-19,7,136,5168,0.5
2025-10-19,8,459,18819,0.65
2025-10-20,1,1744,85456,0.71
2025-10-20,2,861,65436,0.76
2025-10-20,3,628,35168,0.64
2025-10-20,4,239,19120,0.57
2025-10-20,5,441,23814,0.71
2025-10-20,6,467,38761,0.67
2025-10-20,7,151,7852,0.44
2025-10-20,8,360,21960,0.71
2025-10-21,1,1721,135959,0.62
2025-10-21,2,880,51040,0.86
2025-10-21,3,631,25871,0.6
2025-10-21,4,143,11011,0.58
2025-10-21,5,389,17894,0.69
2025-10-21,6,469,26733,0.61
2025-10-21,7,155,9455,0.46
2025-10-21,8,399,15960,0.55
2025-10-22,1,1824,144096,0.67
2025-10-22,2,856,59064,0.8
2025-10-22,3,593,23127,0.67
2025-10-22,4,225,14625,0.43
2025-10-22,5,497,36778,0.66
2025-10-22,6,476,20468,0.5
2025-10-22,7,196,8820,0.41
2025-10-22,8,276,14076,0.71
2025-10-23,1,1685,77510,0.85
2025-10-23,2,881,67837,0.74
2025-10-23,3,629,49691,0.64
2025-10-23,4,297,19602,0.54
2025-10-23,5,400,33200,0.68
2025-10-23,6,445,24030,0.89
2025-10-23,7,171,10260,0.51
2025-10-23,8,398,21094,0.68
2025-10-24,1,1692,111672,0.72
2025-10-24,2,897,45747,0.71
2025-10-24,3,626,50706,0.76
2025-10-24,4,94,5264,0.57
2025-10-24,5,461,40568,0.75
2025-10-24,6,289,22831,0.86
2025-10-24,7,31,1736,0.65
2025-10-24,8,388,15520,0.66
2025-10-25,1,1699,127425,0.73
2025-10-25,2,976,56608,0.71
2025-10-25,3,529,37030,0.68
2025-10-25,4,211,10761,0.39
2025-10-25,5,348,27840,0.76
2025-10-25,6,409,32311,0.61
2025-10-25,7,184,9568,0.53
2025-10-25,8,179,13962,0.58
2025-10-26,1,1635,137340,0.67
2025-10-26,2,986,40426,0.8
2025-10-26,3,573,40683,0.62
2025-10-26,4,131,9694,0.53
2025-10-26,5,405,21465,0.75
2025-10-26,6,482,25064,0.48
2025-10-26,7,38,1710,0.55
2025-10-26,8,391,25024,0.61
2025-10-27,1,1664,116480,0.75
2025-10-27,2,938,63784,0.73
2025-10-27,3,595,38080,0.64
2025-10-27,4,205,9430,0.66
2025-10-27,5,470,30080,0.66
2025-10-27,6,369,28044,0.58
2025-10-27,7,154,8932,0.58
2025-10-27,8,476,33320,0.75
